observation_datetime,value
2024-01-03 02:00,69.64
2024-01-03 04:00,69.62
2024-01-03 07:00,69.64
2024-01-03 09:00,69.62
2024-01-08 09:00,69.40
2024-01-08 11:00,69.47
2024-01-08 14:00,69.40
2024-01-08 16:00,69.47
2024-01-17 08:00,69.76
2024-01-17 13:00,69.76
2024-01-17 14:00,70.39
2024-01-17 15:00,70.31
2024-01-17 16:00,70.30
2024-01-17 19:00,70.39
2024-01-17 20:00,70.31
2024-01-17 21:00,70.30
2024-01-18 08:00,70.11
2024-01-18 13:00,70.11
2024-01-30 20:00,72.51
2024-01-31 01:00,72.51
2024-02-02 09:00,69.76
2024-02-02 10:00,69.87
2024-02-02 11:00,69.79
2024-02-02 14:00,69.76
2024-02-02 15:00,69.87
2024-02-02 16:00,69.79
2024-02-04 21:00,70.17
2024-02-05 02:00,70.17
2024-02-05 04:00,70.01
2024-02-05 09:00,70.01
2024-02-27 04:00,71.53
2024-02-27 09:00,71.53
2024-02-28 04:00,71.41
2024-02-28 09:00,71.41
2024-04-07 18:00,74.23
2024-04-07 22:00,74.23
2024-04-09 12:00,74.00
2024-04-09 16:00,74.00
2024-04-15 15:00,75.50
2024-04-15 19:00,75.50
2024-04-19 02:00,74.65
2024-04-19 06:00,74.65
2024-05-24 05:00,72.68
2024-05-24 09:00,72.68
2024-06-04 03:00,71.99
2024-06-04 07:00,71.99
2024-06-05 10:00,71.17
2024-06-05 14:00,71.17
2024-06-11 16:00,73.66
2024-06-11 20:00,73.66
2024-06-12 07:00,74.02
2024-06-12 11:00,74.02
2024-07-23 13:00,72.23
2024-07-23 17:00,72.23
2024-07-25 05:00,72.29
2024-07-25 09:00,72.29
2024-08-07 10:00,71.41
2024-08-07 14:00,71.41
2024-08-12 03:00,72.46
2024-08-12 07:00,72.46
2024-08-13 07:00,73.64
2024-08-13 11:00,73.64
2024-09-04 03:00,69.63
2024-09-04 04:00,69.64
2024-09-04 05:00,69.78
2024-09-04 07:00,69.63
2024-09-04 08:00,69.64
2024-09-04 09:00,69.78
2024-09-09 09:00,69.48
2024-09-09 11:00,69.39
2024-09-09 13:00,69.48
2024-09-09 15:00,69.39
2024-09-10 03:00,69.41
2024-09-10 07:00,69.41
2024-09-10 20:00,68.10
2024-09-11 00:00,68.10
2024-09-20 03:00,70.50
2024-09-20 07:00,70.50
2024-10-02 22:00,71.67
2024-10-03 02:00,71.67
2024-10-03 10:00,73.53
2024-10-03 14:00,73.53
2024-10-04 13:00,73.25
2024-10-04 17:00,73.25
2024-10-15 15:00,71.09
2024-10-15 19:00,71.09
2024-10-16 11:00,70.22
2024-10-16 15:00,70.22
2024-10-30 08:00,69.41
2024-10-30 12:00,69.41
2024-11-06 02:00,69.80
2024-11-06 07:00,69.80
2024-11-06 18:00,70.68
2024-11-06 23:00,70.68
2024-11-22 13:00,70.42
2024-11-22 18:00,70.42
2024-11-25 05:00,70.17
2024-11-25 06:00,70.28
2024-11-25 07:00,70.28
2024-11-25 10:00,68.98
2024-11-25 11:00,70.28
2024-11-25 12:00,70.28
2024-11-25 15:00,68.98
2024-11-26 01:00,69.22
2024-11-26 06:00,69.22
2024-12-04 12:00,69.39
2024-12-04 17:00,69.39
2024-12-06 05:00,68.53
2024-12-06 10:00,68.53
2024-12-06 15:00,68.26
2024-12-06 20:00,68.26
2024-12-12 09:00,69.13
2024-12-12 14:00,69.13
2024-12-16 08:00,69.55
2024-12-16 13:00,69.55
2024-12-18 12:00,69.17
2024-12-18 17:00,69.17
2024-12-19 11:00,68.38
2024-12-19 16:00,68.38
2024-12-20 09:00,67.95
2024-12-20 12:00,68.43
2024-12-20 14:00,68.63
2024-12-20 17:00,68.43
2024-12-20 19:00,68.63
2025-01-02 06:00,70.23
2025-01-02 07:00,70.38
2025-01-02 11:00,70.23
2025-01-02 12:00,70.38
2025-01-07 07:00,70.77
2025-01-07 09:00,70.98
2025-01-07 12:00,70.77
2025-01-07 14:00,70.98
2025-01-10 04:00,71.10
2025-01-10 09:00,71.10
2025-01-13 02:00,70.82
2025-01-13 07:00,70.82
2025-01-13 08:00,70.65
2025-01-13 13:00,70.65
2025-01-15 16:00,71.51
2025-01-15 21:00,71.51
2025-01-16 10:00,70.85
2025-01-16 15:00,70.85
2025-01-17 02:00,71.04
2025-01-17 07:00,71.04
2025-01-17 11:00,70.97
2025-01-17 16:00,70.97
2025-01-19 21:00,70.55
2025-01-20 02:00,70.55
2025-01-21 10:00,71.05
2025-01-21 11:00,71.08
2025-01-21 12:00,71.09
2025-01-21 15:00,71.05
2025-01-21 16:00,71.08
2025-01-21 17:00,71.09
2025-01-23 03:00,70.83
2025-01-23 08:00,70.83
2025-01-23 11:00,70.74
2025-01-23 16:00,70.74
2025-01-24 04:00,70.81
2025-01-24 09:00,70.81
2025-01-24 15:00,70.53
2025-01-24 20:00,70.53
2025-01-26 21:00,70.00
2025-01-27 02:00,70.00
2025-01-27 10:00,70.00
2025-01-27 15:00,70.00
2025-01-29 09:00,69.19
2025-01-29 14:00,69.19
2025-02-02 18:00,69.35
2025-02-02 23:00,69.35
2025-02-13 06:00,69.31
2025-02-13 11:00,69.31
2025-02-20 07:00,70.59
2025-02-20 12:00,70.59
2025-02-21 05:00,70.01
2025-02-21 10:00,69.66
2025-02-21 15:00,69.66
2025-02-23 18:00,69.28
2025-02-23 23:00,69.28
2025-02-24 08:00,69.26
2025-02-24 13:00,69.26
2025-02-25 07:00,68.96
2025-02-25 12:00,68.96
2025-02-25 13:00,68.06
2025-02-25 18:00,68.06
2025-02-25 21:00,68.32
2025-02-25 22:00,68.26
2025-02-26 02:00,68.32
2025-02-26 03:00,68.26
2025-03-06 11:00,65.55
2025-03-06 16:00,65.55
2025-03-11 12:00,65.86
2025-03-11 16:00,65.86
2025-03-13 14:00,66.00
2025-03-13 18:00,66.00
2025-03-14 08:00,66.40
2025-03-14 12:00,66.40
2025-03-25 12:00,67.65
2025-03-25 16:00,67.65
2025-03-26 10:00,68.40
2025-03-26 14:00,68.40
2025-04-02 04:00,68.77
2025-04-02 08:00,68.77
2025-04-03 05:00,67.31
2025-04-03 07:00,66.46
2025-04-03 08:00,66.46
2025-04-03 09:00,65.84
2025-04-03 11:00,66.46
2025-04-03 12:00,66.46
2025-04-03 13:00,65.84
2025-04-04 03:00,65.22
2025-04-04 06:00,63.92
2025-04-04 07:00,65.22
2025-04-04 10:00,63.92
2025-04-07 10:00,63.44
2025-04-07 11:00,63.63
2025-04-07 14:00,63.44
2025-04-07 15:00,63.63
2025-04-08 12:00,62.11
2025-04-08 16:00,62.11
2025-04-09 09:00,61.25
2025-04-09 10:00,60.99
2025-04-09 13:00,61.25
2025-04-09 14:00,63.16
2025-04-09 18:00,63.16
2025-04-17 03:00,63.87
2025-04-17 07:00,63.87
2025-04-17 12:00,64.96
2025-04-17 14:00,65.03
2025-04-17 16:00,64.96
2025-04-17 18:00,65.03
2025-04-20 18:00,64.71
2025-04-20 22:00,64.71
2025-04-21 04:00,64.46
2025-04-21 08:00,64.46
2025-04-22 05:00,64.80
2025-04-22 09:00,64.58
2025-04-22 12:00,65.00
2025-04-22 13:00,64.58
2025-04-22 16:00,65.00
2025-04-23 07:00,65.05
2025-04-23 10:00,63.85
2025-04-23 11:00,64.16
2025-04-23 12:00,64.09
2025-04-23 14:00,63.85
2025-04-23 15:00,64.16
2025-04-23 16:00,64.09
2025-04-24 23:00,65.00
2025-04-25 00:00,65.00
2025-04-25 01:00,65.00
2025-04-25 03:00,65.00
2025-04-25 04:00,64.81
2025-04-25 05:00,65.00
2025-04-25 08:00,64.81
2025-04-29 04:00,64.44
2025-04-29 08:00,64.44
2025-04-29 11:00,63.97
2025-04-29 15:00,63.97
2025-05-01 06:00,61.00
2025-05-01 10:00,61.00
2025-05-04 18:00,61.32
2025-05-04 22:00,61.32
2025-05-05 05:00,61.80
2025-05-05 06:00,62.00
2025-05-05 07:00,62.05
2025-05-05 09:00,61.80
2025-05-05 10:00,62.00
2025-05-05 11:00,62.05
2025-05-06 09:00,62.94
2025-05-06 13:00,62.94
2025-05-07 10:00,62.64
2025-05-07 14:00,62.13
2025-05-07 18:00,62.13
2025-05-09 12:00,63.71
2025-05-09 16:00,63.71
2025-05-12 08:00,65.43
2025-05-12 12:00,65.43
2025-05-12 15:00,64.64
2025-05-12 19:00,64.64
2025-05-13 03:00,64.92
2025-05-13 07:00,64.92
2025-05-13 08:00,65.38
2025-05-13 10:00,65.61
2025-05-13 12:00,65.84
2025-05-13 14:00,65.61
2025-05-13 16:00,65.84
2025-05-13 22:00,65.42
2025-05-14 02:00,65.42
2025-05-14 05:00,65.32
2025-05-14 09:00,65.32
2025-05-14 14:00,65.18
2025-05-14 18:00,65.18
2025-05-14 22:00,64.58
2025-05-15 02:00,64.24
2025-05-15 04:00,64.20
2025-05-15 06:00,64.24
2025-05-15 08:00,64.20
2025-05-15 12:00,64.50
2025-05-15 16:00,64.50
2025-05-19 05:00,64.34
2025-05-19 09:00,64.34
2025-05-19 12:00,64.63
2025-05-19 16:00,64.63
2025-05-22 05:00,63.86
2025-05-22 09:00,63.86
2025-06-03 14:00,64.78
2025-06-03 18:00,64.78
2025-06-04 08:00,64.52
2025-06-04 10:00,64.73
2025-06-04 12:00,64.52
2025-06-04 14:00,64.73
2025-06-05 09:00,64.79
2025-06-05 10:00,64.68
2025-06-05 13:00,64.79
2025-06-05 14:00,64.68
2025-06-12 14:00,66.31
2025-06-12 18:00,66.31
2025-06-12 20:00,68.05
2025-06-12 23:00,68.44
2025-06-13 00:00,68.05
2025-06-13 03:00,67.69
2025-06-13 04:00,68.87
2025-06-13 07:00,68.25
2025-06-13 08:00,68.45
2025-06-13 10:00,67.96
2025-06-13 11:00,67.50
2025-06-13 12:00,68.45
2025-06-13 14:00,67.96
2025-06-13 15:00,68.05
2025-06-13 19:00,68.05
2025-06-15 19:00,68.43
2025-06-15 21:00,67.82
2025-06-15 23:00,68.43
2025-06-16 01:00,67.82
2025-06-16 07:00,67.66
2025-06-16 08:00,67.55
2025-06-16 09:00,67.07
2025-06-16 10:00,66.95
2025-06-16 11:00,67.66
2025-06-16 12:00,67.55
2025-06-16 13:00,67.07
2025-06-16 14:00,66.95
2025-06-16 20:00,68.60
2025-06-17 00:00,68.60
2025-06-17 08:00,68.61
2025-06-17 10:00,68.98
2025-06-17 12:00,68.61
2025-06-17 13:00,69.26
2025-06-17 14:00,68.98
2025-06-17 15:00,69.59
2025-06-17 16:00,69.15
2025-06-17 17:00,69.26
2025-06-17 19:00,69.59
2025-06-17 20:00,69.15
2025-06-18 09:00,69.41
2025-06-18 10:00,68.57
2025-06-18 11:00,68.67
2025-06-18 13:00,69.41
2025-06-18 14:00,68.57
2025-06-18 15:00,69.18
2025-06-18 19:00,69.18
2025-06-18 22:00,69.01
2025-06-19 02:00,69.01
2025-06-19 11:00,70.10
2025-06-19 12:00,70.16
2025-06-19 15:00,70.10
2025-06-19 16:00,70.16
2025-06-20 04:00,69.73
2025-06-20 06:00,69.65
2025-06-20 08:00,69.73
2025-06-20 09:00,69.34
2025-06-20 10:00,69.65
2025-06-20 13:00,69.34
2025-06-22 18:00,70.65
2025-06-22 19:00,70.39
2025-06-22 22:00,70.21
2025-06-22 23:00,70.39
2025-06-23 02:00,70.21
2025-06-23 03:00,69.85
2025-06-23 07:00,69.85
2025-06-23 14:00,67.61
2025-06-23 18:00,67.61
2025-06-24 07:00,66.33
2025-06-24 08:00,66.17
2025-06-24 09:00,66.42
2025-06-24 11:00,66.33
2025-06-24 12:00,65.57
2025-06-24 13:00,65.50
2025-06-24 14:00,65.29
2025-06-24 15:00,65.76
2025-06-24 16:00,65.57
2025-06-24 17:00,65.50
2025-06-24 18:00,65.29
2025-06-24 19:00,65.76
2025-06-24 21:00,66.01
2025-06-25 01:00,66.01
2025-06-25 08:00,65.42
2025-06-25 09:00,65.42
2025-06-25 10:00,65.43
2025-06-25 11:00,65.44
2025-06-25 12:00,65.28
2025-06-25 13:00,65.24
2025-06-25 14:00,65.00
2025-06-25 15:00,64.99
2025-06-25 16:00,65.28
2025-06-25 17:00,65.24
2025-06-25 18:00,64.79
2025-06-25 19:00,64.99
2025-06-25 22:00,64.79
2025-06-26 08:00,65.12
2025-06-26 09:00,65.28
2025-06-26 10:00,65.53
2025-06-26 12:00,65.12
2025-06-26 13:00,65.28
2025-06-26 14:00,65.14
2025-06-26 18:00,65.14
2025-06-27 10:00,65.17
2025-06-27 13:00,65.12
2025-06-27 14:00,64.94
2025-06-27 15:00,64.80
2025-06-27 17:00,65.12
2025-06-27 18:00,64.94
2025-06-27 19:00,64.80
2025-06-29 18:00,64.76
2025-06-29 19:00,64.66
2025-06-29 20:00,64.58
2025-06-29 22:00,64.98
2025-06-29 23:00,65.01
2025-06-30 00:00,64.58
2025-06-30 02:00,64.98
2025-06-30 03:00,65.01
2025-06-30 09:00,65.12
2025-06-30 13:00,65.12
2025-06-30 16:00,64.94
2025-06-30 20:00,64.94
2025-06-30 23:00,64.71
2025-07-01 03:00,64.71
2025-07-01 08:00,65.17
2025-07-01 11:00,64.99
2025-07-01 12:00,65.12
2025-07-01 13:00,65.14
2025-07-01 15:00,65.26
2025-07-01 16:00,65.12
2025-07-01 17:00,65.14
2025-07-01 19:00,65.26
2025-07-02 09:00,65.31
2025-07-02 10:00,65.09
2025-07-02 13:00,65.31
2025-07-02 14:00,65.09
2025-07-07 08:00,65.64
2025-07-07 12:00,65.64
2025-07-08 11:00,66.59
2025-07-08 15:00,66.74
2025-07-08 16:00,66.72
2025-07-08 19:00,66.74
2025-07-08 20:00,66.72
2025-07-09 09:00,66.54
2025-07-09 10:00,66.49
2025-07-09 13:00,66.54
2025-07-09 14:00,66.49
2025-07-15 12:00,66.20
2025-07-15 14:00,66.23
2025-07-15 16:00,66.20
2025-07-15 18:00,66.23
2025-07-16 09:00,65.98
2025-07-16 13:00,65.98
2025-07-17 14:00,66.61
2025-07-17 15:00,66.61
2025-07-17 18:00,66.61
2025-07-17 19:00,66.61
2025-07-18 04:00,66.65
2025-07-18 08:00,66.65
2025-07-21 10:00,66.35
2025-07-21 14:00,66.35
2025-07-22 06:00,66.27
2025-07-22 07:00,66.18
2025-07-22 10:00,66.00
2025-07-22 11:00,66.18
2025-07-22 14:00,66.00
2025-07-23 08:00,66.02
2025-07-23 11:00,66.02
2025-07-23 12:00,66.21
2025-07-23 14:00,66.35
2025-07-23 15:00,66.02
2025-07-23 16:00,66.21
2025-07-23 18:00,66.35
2025-07-24 11:00,66.69
2025-07-24 12:00,66.21
2025-07-24 13:00,66.08
2025-07-24 14:00,66.62
2025-07-24 15:00,66.69
2025-07-24 16:00,66.21
2025-07-24 17:00,66.08
2025-07-24 18:00,66.62
2025-07-25 08:00,66.73
2025-07-25 10:00,66.21
2025-07-25 11:00,66.18
2025-07-25 12:00,66.11
2025-07-25 13:00,65.95
2025-07-25 14:00,65.92
2025-07-25 15:00,65.87
2025-07-25 16:00,66.11
2025-07-25 17:00,65.95
2025-07-25 18:00,65.92
2025-07-25 19:00,65.87
2025-07-27 18:00,65.92
2025-07-27 22:00,65.92
2025-07-28 02:00,66.32
2025-07-28 03:00,66.29
2025-07-28 06:00,66.32
2025-07-28 07:00,66.59
2025-07-28 08:00,66.77
2025-07-28 09:00,67.20
2025-07-28 11:00,66.59
2025-07-28 12:00,66.77
2025-07-28 13:00,67.20
2025-07-29 04:00,67.41
2025-07-29 08:00,67.41
2025-07-29 13:00,67.97
2025-07-29 17:00,67.97
2025-07-30 09:00,68.35
2025-07-30 13:00,68.66
2025-07-30 14:00,68.44
2025-07-30 17:00,68.66
2025-07-30 18:00,68.44
2025-07-31 05:00,68.12
2025-07-31 09:00,67.86
2025-07-31 10:00,68.11
2025-07-31 13:00,67.86
2025-07-31 14:00,68.11
2025-08-01 07:00,67.29
2025-08-01 08:00,67.40
2025-08-01 09:00,66.86
2025-08-01 10:00,65.98
2025-08-01 11:00,66.07
2025-08-01 12:00,67.40
2025-08-01 13:00,66.86
2025-08-01 14:00,65.98
2025-08-01 15:00,66.07
2025-08-03 20:00,65.96
2025-08-04 00:00,65.96
2025-08-04 05:00,65.89
2025-08-04 08:00,65.42
2025-08-04 09:00,65.52
2025-08-04 10:00,65.74
2025-08-04 11:00,66.13
2025-08-04 12:00,65.42
2025-08-04 13:00,65.89
2025-08-04 14:00,65.74
2025-08-04 15:00,66.13
2025-08-04 17:00,65.89
2025-08-04 18:00,65.95
2025-08-04 22:00,65.95
2025-08-05 04:00,65.78
2025-08-05 06:00,65.62
2025-08-05 08:00,65.51
2025-08-05 10:00,65.41
2025-08-05 11:00,65.53
2025-08-05 12:00,65.51
2025-08-05 14:00,65.41
2025-08-05 15:00,65.34
2025-08-05 19:00,65.34
2025-08-06 09:00,66.17
2025-08-06 10:00,65.67
2025-08-06 12:00,65.11
2025-08-06 13:00,66.17
2025-08-06 14:00,64.74
2025-08-06 16:00,65.11
2025-08-06 18:00,64.74
2025-08-06 22:00,65.40
2025-08-07 02:00,65.40
2025-08-07 10:00,64.87
2025-08-07 11:00,64.89
2025-08-07 12:00,65.04
2025-08-07 14:00,64.87
2025-08-07 15:00,64.89
2025-08-07 16:00,65.04
2025-08-08 10:00,64.33
2025-08-08 12:00,64.96
2025-08-08 13:00,64.66
2025-08-08 14:00,64.63
2025-08-08 15:00,64.58
2025-08-08 16:00,64.96
2025-08-08 17:00,64.66
2025-08-08 18:00,64.63
2025-08-08 19:00,64.58
2025-08-11 10:00,64.87
2025-08-11 14:00,65.06
2025-08-11 18:00,65.06
2025-08-12 08:00,64.66
2025-08-12 10:00,64.77
2025-08-12 12:00,64.66
2025-08-12 14:00,64.77
2025-08-13 05:00,64.47
2025-08-13 06:00,64.45
2025-08-13 09:00,64.47
2025-08-13 10:00,64.45
2025-08-13 11:00,64.17
2025-08-13 15:00,64.17
2025-08-14 08:00,64.70
2025-08-14 09:00,64.98
2025-08-14 10:00,64.70
2025-08-14 12:00,65.01
2025-08-14 13:00,64.98
2025-08-14 14:00,64.70
2025-08-14 16:00,65.01
2025-08-15 07:00,64.75
2025-08-15 09:00,64.50
2025-08-15 10:00,64.67
2025-08-15 11:00,64.75
2025-08-15 13:00,64.50
2025-08-15 14:00,64.67
2025-08-18 05:00,64.92
2025-08-18 09:00,64.54
2025-08-18 13:00,64.54
2025-08-18 14:00,65.14
2025-08-18 18:00,65.14
2025-08-19 10:00,64.81
2025-08-19 14:00,64.81
2025-08-20 06:00,65.08
2025-08-20 09:00,65.22
2025-08-20 10:00,65.08
2025-08-20 13:00,65.34
2025-08-20 15:00,65.46
2025-08-20 17:00,65.34
2025-08-20 19:00,65.46
2025-08-21 05:00,65.70
2025-08-21 09:00,65.70
2025-08-21 11:00,65.86
2025-08-21 13:00,65.89
2025-08-21 14:00,65.90
2025-08-21 15:00,65.83
2025-08-21 17:00,65.89
2025-08-21 18:00,65.90
2025-08-21 19:00,65.83
2025-08-22 01:00,65.88
2025-08-22 04:00,65.75
2025-08-22 05:00,65.88
2025-08-22 08:00,65.75
2025-08-22 16:00,65.99
2025-08-22 20:00,65.99
2025-08-25 10:00,66.65
2025-08-25 11:00,66.78
2025-08-25 12:00,66.75
2025-08-25 13:00,66.79
2025-08-25 14:00,66.65
2025-08-25 15:00,66.78
2025-08-25 16:00,66.75
2025-08-25 17:00,66.79
2025-08-25 18:00,66.63
2025-08-25 22:00,66.63
2025-08-26 01:00,66.46
2025-08-26 03:00,66.30
2025-08-26 05:00,66.46
2025-08-26 07:00,66.30
2025-08-26 09:00,65.90
2025-08-26 13:00,65.90
2025-08-26 14:00,65.57
2025-08-26 18:00,65.57
2025-08-28 02:00,65.48
2025-08-28 05:00,65.64
2025-08-28 06:00,65.70
2025-08-28 07:00,65.82
2025-08-28 08:00,65.89
2025-08-28 09:00,65.80
2025-08-28 10:00,65.58
2025-08-28 11:00,65.49
2025-08-28 12:00,65.51
2025-08-28 13:00,66.02
2025-08-28 14:00,66.25
2025-08-28 15:00,65.49
2025-08-28 16:00,65.51
2025-08-28 17:00,66.02
2025-08-28 18:00,66.25
2025-08-29 06:00,66.05
2025-08-29 07:00,66.09
2025-08-29 08:00,66.14
2025-08-29 09:00,66.02
2025-08-29 10:00,65.82
2025-08-29 11:00,65.96
2025-08-29 12:00,65.77
2025-08-29 13:00,65.79
2025-08-29 14:00,65.82
2025-08-29 15:00,65.96
2025-08-29 16:00,65.77
2025-08-29 17:00,65.79
2025-08-31 21:00,65.76
2025-08-31 22:00,65.63
2025-09-01 01:00,65.76
2025-09-01 02:00,65.63
2025-09-02 02:00,66.62
2025-09-02 03:00,66.73
2025-09-02 06:00,67.24
2025-09-02 07:00,67.14
2025-09-02 08:00,66.42
2025-09-02 09:00,66.65
2025-09-02 10:00,66.83
2025-09-02 11:00,66.85
2025-09-02 12:00,66.42
2025-09-02 13:00,66.65
2025-09-02 14:00,66.83
2025-09-02 15:00,66.85
2025-09-03 03:00,67.06
2025-09-03 04:00,67.26
2025-09-03 05:00,66.70
2025-09-03 06:00,66.69
2025-09-03 07:00,66.71
2025-09-03 08:00,66.62
2025-09-03 09:00,66.43
2025-09-03 10:00,66.27
2025-09-03 11:00,66.26
2025-09-03 12:00,66.38
2025-09-03 13:00,66.23
2025-09-03 14:00,66.27
2025-09-03 15:00,66.18
2025-09-03 16:00,66.38
2025-09-03 17:00,66.23
2025-09-03 18:00,66.27
2025-09-03 19:00,66.18
2025-09-03 21:00,65.97
2025-09-03 23:00,65.92
2025-09-04 01:00,65.97
2025-09-04 03:00,65.92
2025-09-04 07:00,65.61
2025-09-04 09:00,65.46
2025-09-04 10:00,65.54
2025-09-04 11:00,65.61
2025-09-04 13:00,65.46
2025-09-04 14:00,65.54
2025-09-04 15:00,65.52
2025-09-04 19:00,65.52
2025-09-05 03:00,65.51
2025-09-05 07:00,65.51
2025-09-05 09:00,64.73
2025-09-05 11:00,64.41
2025-09-05 13:00,64.73
2025-09-05 15:00,64.41
2025-09-08 08:00,65.62
2025-09-08 09:00,65.45
2025-09-08 11:00,65.14
2025-09-08 12:00,65.62
2025-09-08 13:00,65.45
2025-09-08 15:00,65.14
2025-09-09 02:00,65.55
2025-09-09 06:00,65.52
2025-09-09 09:00,65.91
2025-09-09 10:00,65.89
2025-09-09 12:00,65.57
2025-09-09 13:00,65.91
2025-09-09 14:00,65.89
2025-09-09 16:00,65.57
2025-09-10 01:00,65.86
2025-09-10 02:00,65.84
2025-09-10 04:00,65.72
2025-09-10 05:00,65.86
2025-09-10 06:00,65.84
2025-09-10 08:00,65.72
2025-09-10 09:00,65.90
2025-09-10 12:00,66.33
2025-09-10 13:00,65.90
2025-09-10 15:00,66.25
2025-09-10 16:00,66.33
2025-09-10 19:00,66.25
2025-09-11 10:00,65.20
2025-09-11 11:00,65.32
2025-09-11 14:00,65.20
2025-09-11 15:00,65.32
2025-09-12 10:00,65.93
2025-09-12 14:00,65.93
2025-09-14 22:00,65.83
2025-09-15 01:00,65.94
2025-09-15 02:00,65.83
2025-09-15 05:00,65.94
2025-09-15 09:00,66.05
2025-09-15 10:00,66.06
2025-09-15 13:00,66.09
2025-09-15 14:00,66.06
2025-09-15 17:00,66.09
2025-09-16 11:00,66.78
2025-09-16 12:00,66.73
2025-09-16 15:00,66.78
2025-09-16 16:00,66.73
2025-09-17 10:00,66.47
2025-09-17 11:00,66.37
2025-09-17 12:00,66.29
2025-09-17 14:00,66.47
2025-09-17 15:00,66.37
2025-09-17 16:00,66.29
2025-09-18 11:00,65.74
2025-09-18 15:00,65.74
2025-09-19 12:00,64.89
2025-09-19 16:00,64.89
2025-09-23 13:00,65.45
2025-09-23 14:00,65.60
2025-09-23 15:00,65.75
2025-09-23 16:00,65.70
2025-09-23 17:00,65.45
2025-09-23 18:00,65.60
2025-09-23 19:00,65.75
2025-09-23 20:00,65.70
2025-09-24 09:00,66.03
2025-09-24 10:00,66.06
2025-09-24 11:00,66.10
2025-09-24 12:00,66.08
2025-09-24 13:00,66.03
2025-09-24 14:00,66.06
2025-09-24 15:00,66.10
2025-09-24 16:00,66.08
2025-09-25 05:00,66.19
2025-09-25 06:00,66.30
2025-09-25 07:00,66.34
2025-09-25 08:00,66.19
2025-09-25 09:00,65.96
2025-09-25 10:00,65.96
2025-09-25 11:00,66.18
2025-09-25 12:00,66.16
2025-09-25 13:00,66.40
2025-09-25 14:00,65.96
2025-09-25 15:00,66.18
2025-09-25 16:00,66.16
2025-09-25 17:00,66.40
2025-09-26 09:00,66.86
2025-09-26 10:00,67.34
2025-09-26 11:00,67.39
2025-09-26 12:00,67.08
2025-09-26 13:00,66.96
2025-09-26 14:00,67.34
2025-09-26 15:00,67.39
2025-09-26 16:00,67.08
2025-09-26 17:00,66.96
2025-09-28 19:00,66.63
2025-09-28 23:00,66.63
2025-09-29 12:00,65.52
2025-09-29 13:00,65.40
2025-09-29 14:00,65.41
2025-09-29 16:00,65.52
2025-09-29 17:00,65.40
2025-09-29 18:00,65.41
2025-09-30 04:00,65.26
2025-09-30 08:00,65.26
2025-09-30 09:00,64.92
2025-09-30 12:00,65.16
2025-09-30 13:00,64.90
2025-09-30 15:00,64.94
2025-09-30 16:00,65.16
2025-09-30 17:00,64.90
2025-09-30 19:00,64.94
2025-09-30 21:00,64.99
2025-10-01 01:00,64.99
2025-10-01 09:00,64.30
2025-10-01 12:00,64.76
2025-10-01 13:00,64.30
2025-10-01 16:00,64.76
2025-10-02 12:00,63.85
2025-10-02 13:00,63.78
2025-10-02 14:00,63.75
2025-10-02 16:00,63.85
2025-10-02 17:00,63.78
2025-10-02 18:00,63.75
2025-10-03 10:00,63.94
2025-10-03 14:00,63.94
2025-10-05 22:00,64.50
2025-10-06 02:00,64.50
2025-10-06 11:00,64.75
2025-10-06 12:00,64.76
2025-10-06 14:00,64.60
2025-10-06 15:00,64.65
2025-10-06 16:00,64.76
2025-10-06 18:00,64.60
2025-10-06 19:00,64.65
2025-10-07 11:00,64.37
2025-10-07 13:00,64.35
2025-10-07 14:00,64.54
2025-10-07 15:00,64.37
2025-10-07 17:00,64.35
2025-10-07 18:00,64.54
2025-10-08 12:00,64.96
2025-10-08 13:00,64.94
2025-10-08 14:00,64.90
2025-10-08 16:00,64.96
2025-10-08 17:00,64.94
2025-10-08 18:00,64.90
2025-10-09 11:00,64.85
2025-10-09 15:00,64.85
2025-10-10 11:00,63.05
2025-10-10 12:00,62.50
2025-10-10 14:00,62.42
2025-10-10 15:00,62.50
2025-10-10 16:00,62.50
2025-10-10 18:00,62.42
2025-10-10 19:00,62.50
2025-10-12 18:00,62.80
2025-10-12 22:00,62.80
2025-10-12 23:00,63.23
2025-10-13 03:00,63.23
2025-10-13 08:00,62.92
2025-10-13 09:00,63.20
2025-10-13 10:00,63.23
2025-10-13 11:00,63.19
2025-10-13 12:00,63.34
2025-10-13 13:00,63.20
2025-10-13 14:00,63.23
2025-10-13 15:00,63.19
2025-10-13 16:00,63.34
2025-10-14 00:00,63.29
2025-10-14 04:00,63.29
2025-10-14 05:00,62.26
2025-10-14 09:00,62.26
2025-10-14 10:00,62.27
2025-10-14 11:00,62.25
2025-10-14 12:00,62.63
2025-10-14 14:00,62.27
2025-10-14 15:00,62.41
2025-10-14 16:00,62.63
2025-10-14 19:00,62.41
2025-10-14 21:00,62.47
2025-10-15 01:00,62.47
2025-10-15 03:00,62.40
2025-10-15 07:00,62.40
2025-10-15 10:00,62.37
2025-10-15 11:00,62.30
2025-10-15 12:00,62.40
2025-10-15 13:00,62.34
2025-10-15 14:00,62.32
2025-10-15 15:00,62.30
2025-10-15 16:00,62.62
2025-10-15 17:00,62.34
2025-10-15 18:00,62.32
2025-10-15 20:00,62.62
2025-10-16 01:00,62.55
2025-10-16 02:00,62.64
2025-10-16 03:00,62.68
2025-10-16 04:00,62.44
2025-10-16 05:00,62.55
2025-10-16 06:00,62.64
2025-10-16 07:00,62.68
2025-10-16 08:00,62.44
2025-10-16 09:00,62.29
2025-10-16 10:00,62.24
2025-10-16 11:00,62.45
2025-10-16 12:00,61.64
2025-10-16 13:00,61.69
2025-10-16 14:00,61.53
2025-10-16 15:00,61.58
2025-10-16 16:00,61.64
2025-10-16 17:00,61.69
2025-10-16 18:00,61.53
2025-10-16 19:00,61.58
2025-10-17 01:00,61.38
2025-10-17 05:00,61.38
2025-10-17 06:00,61.19
2025-10-17 09:00,61.94
2025-10-17 10:00,61.89
2025-10-17 11:00,62.04
2025-10-17 12:00,62.06
2025-10-17 13:00,61.94
2025-10-17 14:00,61.89
2025-10-17 15:00,62.07
2025-10-17 16:00,62.06
2025-10-17 19:00,62.07
2025-10-20 04:00,61.96
2025-10-20 05:00,61.92
2025-10-20 07:00,61.76
2025-10-20 08:00,61.96
2025-10-20 09:00,61.92
2025-10-20 10:00,61.84
2025-10-20 11:00,61.64
2025-10-20 13:00,61.87
2025-10-20 14:00,61.98
2025-10-20 15:00,61.64
2025-10-20 17:00,61.87
2025-10-20 18:00,61.98
2025-10-21 00:00,61.85
2025-10-21 04:00,61.84
2025-10-21 06:00,62.15
2025-10-21 08:00,61.84
2025-10-21 09:00,61.52
2025-10-21 10:00,62.15
2025-10-21 11:00,61.94
2025-10-21 12:00,62.05
2025-10-21 13:00,61.52
2025-10-21 14:00,61.84
2025-10-21 15:00,61.94
2025-10-21 16:00,62.10
2025-10-21 18:00,61.84
2025-10-21 19:00,62.15
2025-10-21 20:00,62.10
2025-10-21 22:00,62.11
2025-10-21 23:00,62.67
2025-10-22 02:00,62.50
2025-10-22 03:00,62.50
2025-10-22 06:00,62.53
2025-10-22 07:00,62.61
2025-10-22 08:00,62.61
2025-10-22 09:00,62.73
2025-10-22 10:00,62.72
2025-10-22 11:00,62.79
2025-10-22 12:00,62.67
2025-10-22 13:00,62.77
2025-10-22 14:00,62.72
2025-10-22 15:00,63.26
2025-10-22 16:00,62.67
2025-10-22 17:00,62.77
2025-10-22 19:00,63.26
2025-10-22 21:00,63.31
2025-10-23 01:00,63.31
2025-10-23 02:00,63.45
2025-10-23 04:00,63.59
2025-10-23 05:00,63.70
2025-10-23 06:00,63.71
2025-10-23 07:00,63.79
2025-10-23 08:00,63.72
2025-10-23 09:00,63.65
2025-10-23 10:00,63.61
2025-10-23 11:00,63.93
2025-10-23 12:00,63.63
2025-10-23 13:00,63.57
2025-10-23 14:00,63.53
2025-10-23 15:00,63.93
2025-10-23 16:00,63.28
2025-10-23 17:00,63.57
2025-10-23 18:00,63.53
2025-10-23 20:00,63.23
2025-10-24 00:00,63.23
2025-10-24 07:00,63.60
2025-10-24 09:00,63.65
2025-10-24 10:00,63.68
2025-10-24 11:00,63.61
2025-10-24 13:00,63.65
2025-10-24 14:00,63.68
2025-10-24 15:00,63.61
2025-10-27 08:00,63.61
2025-10-27 10:00,63.76
2025-10-27 11:00,63.88
2025-10-27 12:00,63.77
2025-10-27 14:00,63.77
2025-10-27 15:00,63.88
2025-10-27 16:00,63.77
2025-10-27 18:00,63.77
2025-10-28 09:00,63.35
2025-10-28 10:00,63.04
2025-10-28 13:00,63.35
2025-10-28 14:00,63.20
2025-10-28 15:00,63.13
2025-10-28 18:00,63.20
2025-10-28 19:00,63.13
2025-10-29 02:00,63.49
2025-10-29 06:00,63.54
2025-10-29 07:00,63.52
2025-10-29 09:00,63.54
2025-10-29 10:00,63.70
2025-10-29 11:00,63.75
2025-10-29 12:00,63.72
2025-10-29 13:00,63.63
2025-10-29 14:00,63.71
2025-10-29 15:00,63.75
2025-10-29 16:00,63.72
2025-10-29 17:00,63.63
2025-10-29 18:00,63.71
2025-10-29 22:00,63.37
2025-10-30 02:00,63.37
2025-10-30 06:00,63.16
2025-10-30 07:00,63.17
2025-10-30 09:00,63.20
2025-10-30 10:00,63.27
2025-10-30 11:00,63.62
2025-10-30 13:00,63.20
2025-10-30 14:00,63.27
2025-10-30 15:00,63.62
2025-10-30 20:00,63.48
2025-10-30 22:00,63.43
2025-10-31 00:00,63.48
2025-10-31 02:00,63.43
2025-10-31 06:00,63.29
2025-10-31 08:00,63.36
2025-10-31 09:00,63.87
2025-10-31 10:00,63.64
2025-10-31 11:00,63.39
2025-10-31 12:00,63.48
2025-10-31 13:00,63.72
2025-10-31 14:00,63.64
2025-10-31 15:00,63.39
2025-10-31 16:00,63.48
2025-10-31 17:00,63.72
2025-11-02 21:00,63.78
2025-11-02 22:00,63.77
2025-11-03 00:00,63.75
2025-11-03 02:00,63.78
2025-11-03 03:00,63.77
2025-11-03 05:00,63.75
2025-11-03 08:00,63.62
2025-11-03 12:00,64.01
2025-11-03 13:00,63.62
2025-11-03 17:00,64.01
2025-11-04 03:00,63.42
2025-11-04 04:00,63.46
2025-11-04 05:00,63.41
2025-11-04 08:00,63.34
2025-11-04 09:00,63.51
2025-11-04 10:00,63.65
2025-11-04 11:00,63.74
2025-11-04 13:00,63.70
2025-11-04 14:00,63.51
2025-11-04 15:00,63.65
2025-11-04 16:00,63.74
2025-11-04 18:00,63.56
2025-11-04 20:00,63.34
2025-11-04 21:00,63.47
2025-11-04 23:00,63.71
2025-11-05 01:00,63.34
2025-11-05 02:00,63.47
2025-11-05 04:00,63.71
2025-11-05 05:00,63.99
2025-11-05 08:00,63.60
2025-11-05 09:00,63.52
2025-11-05 10:00,63.83
2025-11-05 11:00,63.40
2025-11-05 12:00,63.37
2025-11-05 13:00,63.60
2025-11-05 14:00,63.17
2025-11-05 15:00,63.16
2025-11-05 16:00,63.40
2025-11-05 17:00,63.37
2025-11-05 19:00,63.17
2025-11-05 20:00,63.17
2025-11-06 01:00,63.17
2025-11-06 03:00,63.69
2025-11-06 04:00,63.80
2025-11-06 08:00,63.61
2025-11-06 09:00,63.06
2025-11-06 10:00,63.03
2025-11-06 11:00,62.93
2025-11-06 13:00,63.61
2025-11-06 14:00,62.95
2025-11-06 15:00,63.03
2025-11-06 16:00,62.93
2025-11-06 19:00,62.95
2025-11-07 14:00,63.36
2025-11-07 15:00,63.30
2025-11-07 19:00,63.36
2025-11-07 20:00,63.30
2025-11-09 18:00,63.26
2025-11-09 23:00,63.26
2025-11-10 07:00,63.41
2025-11-10 11:00,62.98
2025-11-10 12:00,63.10
2025-11-10 13:00,63.35
2025-11-10 14:00,63.52
2025-11-10 15:00,63.53
2025-11-10 16:00,62.98
2025-11-10 17:00,63.10
2025-11-10 18:00,63.35
2025-11-10 19:00,63.52
2025-11-10 20:00,63.53
2025-11-11 01:00,63.32
2025-11-11 04:00,63.68
2025-11-11 06:00,63.32
2025-11-11 08:00,63.90
2025-11-11 09:00,63.68
2025-11-11 10:00,63.97
2025-11-11 11:00,64.13
2025-11-11 12:00,64.14
2025-11-11 13:00,63.90
2025-11-11 15:00,63.97
2025-11-11 16:00,64.13
2025-11-11 17:00,64.14
2025-11-11 20:00,64.17
2025-11-11 21:00,64.10
2025-11-12 00:00,64.04
2025-11-12 01:00,64.01
2025-11-12 02:00,64.10
2025-11-12 04:00,63.83
2025-11-12 05:00,64.04
2025-11-12 06:00,64.01
2025-11-12 07:00,63.79
2025-11-12 08:00,63.55
2025-11-12 09:00,62.91
2025-11-12 11:00,62.21
2025-11-12 12:00,62.27
2025-11-12 13:00,63.55
2025-11-12 14:00,62.18
2025-11-12 16:00,62.21
2025-11-12 17:00,62.27
2025-11-12 19:00,62.18
2025-11-12 20:00,61.96
2025-11-13 01:00,61.96
2025-11-13 07:00,62.47
2025-11-13 08:00,62.44
2025-11-13 12:00,62.40
2025-11-13 13:00,62.44
2025-11-13 17:00,62.40
2025-11-13 20:00,63.04
2025-11-14 01:00,62.69
2025-11-14 04:00,62.71
2025-11-14 06:00,63.21
2025-11-14 07:00,62.91
2025-11-14 09:00,62.95
2025-11-14 10:00,63.22
2025-11-14 11:00,63.06
2025-11-14 12:00,62.91
2025-11-14 14:00,62.95
2025-11-14 15:00,63.22
2025-11-14 16:00,63.06
2025-11-16 20:00,62.76
2025-11-16 21:00,62.75
2025-11-17 01:00,62.76
2025-11-17 02:00,62.75
2025-11-17 05:00,63.04
2025-11-17 07:00,63.00
2025-11-17 10:00,63.04
2025-11-17 12:00,63.00
2025-11-17 14:00,62.90
2025-11-17 15:00,62.88
2025-11-17 16:00,62.86
2025-11-17 19:00,62.90
2025-11-17 20:00,62.88
2025-11-17 21:00,62.86
2025-11-17 22:00,62.78
2025-11-17 23:00,62.69
2025-11-18 01:00,62.60
2025-11-18 03:00,62.75
2025-11-18 04:00,62.82
2025-11-18 06:00,63.11
2025-11-18 08:00,63.17
2025-11-18 09:00,62.75
2025-11-18 10:00,62.79
2025-11-18 11:00,62.92
2025-11-18 12:00,63.12
2025-11-18 13:00,63.34
2025-11-18 14:00,62.75
2025-11-18 15:00,62.79
2025-11-18 16:00,62.92
2025-11-18 17:00,63.12
2025-11-18 18:00,63.34
2025-11-19 02:00,63.04
2025-11-19 07:00,62.35
2025-11-19 08:00,62.11
2025-11-19 09:00,62.03
2025-11-19 10:00,62.13
2025-11-19 11:00,62.11
2025-11-19 12:00,61.96
2025-11-19 13:00,62.11
2025-11-19 14:00,62.03
2025-11-19 15:00,61.99
2025-11-19 16:00,62.11
2025-11-19 17:00,61.96
2025-11-19 20:00,61.99
2025-11-20 04:00,62.36
2025-11-20 06:00,62.56
2025-11-20 07:00,62.58
2025-11-20 08:00,62.46
2025-11-20 09:00,62.36
2025-11-20 11:00,61.93
2025-11-20 12:00,61.71
2025-11-20 13:00,62.46
2025-11-20 15:00,61.83
2025-11-20 16:00,61.93
2025-11-20 17:00,61.71
2025-11-20 20:00,61.83
2025-11-21 00:00,61.50
2025-11-21 02:00,61.25
2025-11-21 03:00,61.48
2025-11-21 04:00,61.26
2025-11-21 05:00,60.99
2025-11-21 06:00,61.20
2025-11-21 07:00,61.50
2025-11-21 08:00,61.71
2025-11-21 09:00,60.93
2025-11-21 10:00,61.05
2025-11-21 11:00,61.14
2025-11-21 12:00,61.50
2025-11-21 13:00,61.35
2025-11-21 14:00,61.31
2025-11-21 15:00,61.41
2025-11-21 16:00,61.14
2025-11-21 18:00,61.35
2025-11-21 19:00,61.31
2025-11-21 20:00,61.41
2025-11-23 18:00,61.19
2025-11-23 23:00,61.19
2025-11-24 02:00,61.44
2025-11-24 03:00,61.15
2025-11-24 04:00,61.03
2025-11-24 06:00,61.43
2025-11-24 07:00,61.59
2025-11-24 08:00,61.15
2025-11-24 09:00,61.35
2025-11-24 10:00,61.38
2025-11-24 11:00,61.57
2025-11-24 12:00,61.59
2025-11-24 13:00,61.79
2025-11-24 14:00,61.35
2025-11-24 15:00,62.06
2025-11-24 16:00,61.57
2025-11-24 18:00,61.79
2025-11-24 19:00,61.90
2025-11-24 20:00,62.06
2025-11-25 00:00,61.90
2025-11-25 02:00,61.71
2025-11-25 03:00,61.62
2025-11-25 04:00,61.65
2025-11-25 07:00,61.24
2025-11-25 08:00,61.47
2025-11-25 09:00,61.10
2025-11-25 10:00,60.85
2025-11-25 11:00,61.05
2025-11-25 12:00,61.23
2025-11-25 13:00,61.47
2025-11-25 14:00,61.48
2025-11-25 15:00,60.85
2025-11-25 16:00,61.05
2025-11-25 17:00,61.23
2025-11-25 19:00,61.48
2025-11-26 01:00,61.66
2025-11-26 02:00,61.57
2025-11-26 04:00,61.55
2025-11-26 06:00,61.66
2025-11-26 07:00,61.35
2025-11-26 08:00,61.46
2025-11-26 09:00,61.40
2025-11-26 11:00,61.67
2025-11-26 12:00,61.64
2025-11-26 13:00,61.73
2025-11-26 14:00,61.92
2025-11-26 15:00,62.02
2025-11-26 16:00,61.67
2025-11-26 17:00,61.64
2025-11-26 18:00,61.73
2025-11-26 19:00,61.92
2025-11-26 20:00,62.02
2025-11-30 18:00,62.27
2025-11-30 23:00,62.27
2025-12-01 01:00,62.47
2025-12-01 02:00,62.51
2025-12-01 05:00,62.50
2025-12-01 06:00,62.21
2025-12-01 07:00,62.51
2025-12-01 08:00,62.03
2025-12-01 09:00,61.93
2025-12-01 10:00,62.50
2025-12-01 11:00,62.18
2025-12-01 13:00,62.42
2025-12-01 14:00,62.38
2025-12-01 15:00,62.39
2025-12-01 16:00,62.18
2025-12-01 18:00,62.42
2025-12-01 19:00,62.38
2025-12-01 20:00,62.39
2025-12-02 00:00,62.39
2025-12-02 03:00,62.31
2025-12-02 04:00,62.26
2025-12-02 05:00,62.22
2025-12-02 08:00,62.02
2025-12-02 09:00,61.61
2025-12-02 10:00,62.34
2025-12-02 13:00,62.02
2025-12-02 14:00,61.61
2025-12-02 15:00,62.34
2025-12-02 19:00,61.63
2025-12-02 21:00,61.55
2025-12-03 00:00,61.63
2025-12-03 02:00,61.55
2025-12-03 04:00,62.20
2025-12-03 06:00,62.26
2025-12-03 08:00,62.18
2025-12-03 09:00,62.20
2025-12-03 10:00,62.32
2025-12-03 11:00,62.08
2025-12-03 12:00,62.15
2025-12-03 13:00,62.18
2025-12-03 15:00,62.32
2025-12-03 16:00,62.08
2025-12-03 17:00,62.15
2025-12-04 00:00,62.02
2025-12-04 03:00,62.01
2025-12-04 04:00,61.96
2025-12-04 05:00,62.07
2025-12-04 07:00,62.13
2025-12-04 08:00,62.01
2025-12-04 09:00,61.96
2025-12-04 10:00,62.15
2025-12-04 11:00,62.42
2025-12-04 12:00,62.34
2025-12-04 13:00,62.31
2025-12-04 14:00,62.25
2025-12-04 15:00,62.15
2025-12-04 16:00,62.42
2025-12-04 17:00,62.34
2025-12-04 18:00,62.31
2025-12-04 19:00,62.25
2025-12-05 01:00,62.07
2025-12-05 06:00,62.07
2025-12-05 08:00,62.23
2025-12-05 09:00,62.25
2025-12-05 10:00,62.70
2025-12-05 11:00,62.58
2025-12-05 13:00,62.23
2025-12-05 14:00,62.25
2025-12-05 15:00,62.70
2025-12-05 16:00,62.58
2025-12-07 18:00,62.53
2025-12-07 23:00,62.53
2025-12-08 00:00,62.58
2025-12-08 01:00,62.72
2025-12-08 04:00,62.45
2025-12-08 05:00,62.58
2025-12-08 06:00,62.10
2025-12-08 09:00,61.98
2025-12-08 10:00,61.95
2025-12-08 11:00,61.83
2025-12-08 12:00,61.77
2025-12-08 13:00,61.56
2025-12-08 14:00,61.98
2025-12-08 15:00,61.53
2025-12-08 16:00,61.83
2025-12-08 17:00,61.77
2025-12-08 18:00,61.56
2025-12-08 20:00,61.53
2025-12-08 22:00,61.50
2025-12-08 23:00,61.47
2025-12-09 00:00,61.43
2025-12-09 03:00,61.50
2025-12-09 04:00,61.47
2025-12-09 05:00,61.43
2025-12-09 06:00,61.87
2025-12-09 08:00,61.66
2025-12-09 09:00,61.62
2025-12-09 11:00,61.39
2025-12-09 12:00,61.31
2025-12-09 13:00,61.66
2025-12-09 14:00,61.62
2025-12-09 15:00,61.41
2025-12-09 16:00,61.45
2025-12-09 17:00,61.31
2025-12-09 20:00,61.41
2025-12-09 21:00,61.44
2025-12-09 23:00,61.44
2025-12-10 02:00,61.44
2025-12-10 04:00,61.31
2025-12-10 05:00,61.62
2025-12-10 08:00,61.38
2025-12-10 09:00,61.05
2025-12-10 10:00,61.00
2025-12-10 11:00,61.13
2025-12-10 13:00,61.37
2025-12-10 14:00,61.63
2025-12-10 15:00,61.00
2025-12-10 16:00,61.13
2025-12-10 18:00,61.37
2025-12-10 19:00,61.63
2025-12-10 20:00,61.74
2025-12-10 22:00,61.48
2025-12-10 23:00,61.43
2025-12-11 00:00,61.28
2025-12-11 01:00,61.74
2025-12-11 03:00,60.92
2025-12-11 04:00,61.43
2025-12-11 05:00,60.80
2025-12-11 06:00,61.02
2025-12-11 07:00,61.12
2025-12-11 08:00,60.92
2025-12-11 09:00,60.63
2025-12-11 10:00,60.80
2025-12-11 11:00,60.62
2025-12-11 12:00,61.12
2025-12-11 13:00,60.78
2025-12-11 14:00,61.06
2025-12-11 15:00,61.05
2025-12-11 16:00,60.62
2025-12-11 18:00,60.78
2025-12-11 19:00,61.06
2025-12-11 20:00,61.05
2025-12-11 22:00,61.31
2025-12-12 03:00,61.31
2025-12-12 04:00,61.20
2025-12-12 05:00,60.88
2025-12-12 09:00,60.80
2025-12-12 10:00,60.57
2025-12-12 14:00,60.80
2025-12-12 15:00,60.57
2025-12-14 18:00,60.80
2025-12-14 21:00,60.89
2025-12-14 23:00,60.80
2025-12-15 02:00,60.86
2025-12-15 04:00,60.74
2025-12-15 05:00,60.64
2025-12-15 07:00,60.86
2025-12-15 08:00,60.54
2025-12-15 09:00,60.74
2025-12-15 10:00,60.64
2025-12-15 13:00,60.54
2025-12-15 14:00,60.49
2025-12-15 15:00,60.41
2025-12-15 19:00,60.49
2025-12-15 20:00,60.30
2025-12-15 21:00,60.20
2025-12-16 01:00,60.28
2025-12-16 02:00,60.20
2025-12-16 03:00,59.95
2025-12-16 05:00,59.90
2025-12-16 06:00,60.28
2025-12-16 08:00,59.95
2025-12-16 09:00,59.52
2025-12-16 10:00,59.27
2025-12-16 14:00,59.17
2025-12-16 15:00,59.27
2025-12-16 19:00,59.17
2025-12-16 20:00,59.38
2025-12-16 21:00,59.69
2025-12-17 01:00,59.38
2025-12-17 02:00,59.69
2025-12-17 06:00,60.03
2025-12-17 09:00,59.62
2025-12-17 10:00,59.58
2025-12-17 11:00,59.85
2025-12-17 14:00,59.62
2025-12-17 15:00,59.58
2025-12-17 16:00,60.10
2025-12-17 21:00,60.10
2025-12-18 03:00,59.85
2025-12-18 04:00,59.76
2025-12-18 05:00,59.68
2025-12-18 06:00,59.55
2025-12-18 08:00,59.85
2025-12-18 09:00,59.76
2025-12-18 10:00,59.89
2025-12-18 11:00,59.78
2025-12-18 15:00,59.89
2025-12-18 16:00,59.78
2025-12-18 18:00,59.52
2025-12-18 23:00,59.52
2025-12-19 04:00,59.37
2025-12-19 08:00,59.83
2025-12-19 09:00,59.90
2025-12-19 10:00,59.72
2025-12-19 11:00,59.97
2025-12-19 12:00,59.86
2025-12-19 13:00,59.97
2025-12-19 14:00,59.90
2025-12-19 15:00,59.72
2025-12-19 16:00,59.97
2025-12-19 17:00,59.86
2025-12-19 18:00,59.97
2025-12-21 20:00,60.22
2025-12-21 21:00,60.35
2025-12-22 00:00,60.47
2025-12-22 01:00,60.48
2025-12-22 02:00,60.35
2025-12-22 03:00,60.36
2025-12-22 05:00,60.59
2025-12-22 06:00,60.71
2025-12-22 08:00,60.85
2025-12-22 10:00,60.85
2025-12-22 11:00,60.80
2025-12-22 12:00,60.85
2025-12-22 13:00,60.89
2025-12-22 14:00,60.97
2025-12-22 15:00,60.85
2025-12-22 16:00,60.80
2025-12-22 17:00,60.85
2025-12-22 18:00,60.89
2025-12-22 19:00,60.97
2025-12-22 21:00,60.86
2025-12-23 00:00,60.78
2025-12-23 02:00,60.84
2025-12-23 05:00,60.94
2025-12-23 07:00,61.00
2025-12-23 09:00,60.99
2025-12-23 10:00,60.91
2025-12-23 11:00,61.10
2025-12-23 12:00,61.00
2025-12-23 14:00,60.99
2025-12-23 15:00,60.91
2025-12-23 16:00,61.10
2025-12-23 20:00,61.12
2025-12-23 21:00,61.19
2025-12-23 22:00,61.18
2025-12-24 01:00,61.12
2025-12-24 02:00,61.19
2025-12-24 03:00,61.18
2025-12-24 10:30,61.18
2025-12-24 11:30,61.27
2025-12-24 15:30,61.18
2025-12-24 16:30,61.27
2025-12-26 02:00,61.38
2025-12-26 03:00,61.36
2025-12-26 04:00,61.39
2025-12-26 07:00,61.38
2025-12-26 08:00,61.01
2025-12-26 09:00,60.80
2025-12-26 10:00,60.68
2025-12-26 13:00,61.01
2025-12-26 14:00,59.93
2025-12-26 15:00,59.99
2025-12-26 19:00,59.93
2025-12-26 20:00,59.99
2025-12-28 21:00,60.41
2025-12-29 00:00,60.58
2025-12-29 02:00,60.41
2025-12-29 03:00,60.47
2025-12-29 04:00,60.65
2025-12-29 05:00,60.58
2025-12-29 07:00,60.90
2025-12-29 08:00,61.09
2025-12-29 09:00,60.65
2025-12-29 12:00,60.82
2025-12-29 13:00,61.09
2025-12-29 14:00,60.82
2025-12-29 17:00,60.82
2025-12-29 19:00,60.82
2025-12-29 20:00,60.54
2025-12-29 22:00,60.85
2025-12-30 01:00,60.82
2025-12-30 02:00,60.81
2025-12-30 03:00,60.85
2025-12-30 06:00,60.82
2025-12-30 07:00,60.81
2025-12-30 08:00,61.08
2025-12-30 11:00,60.89
2025-12-30 12:00,60.80
2025-12-30 13:00,60.82
2025-12-30 14:00,60.81
2025-12-30 16:00,60.89
2025-12-30 17:00,60.80
2025-12-30 18:00,60.82
2025-12-30 19:00,60.81
2025-12-30 21:00,60.64
2025-12-30 22:00,60.72
2025-12-31 00:00,60.68
2025-12-31 01:00,60.69
2025-12-31 02:00,60.69
2025-12-31 03:00,60.72
2025-12-31 05:00,60.68
2025-12-31 06:00,61.08
2025-12-31 07:00,60.97
2025-12-31 08:00,60.99
2025-12-31 09:00,60.84
2025-12-31 10:00,60.53
2025-12-31 11:00,60.49
2025-12-31 12:00,60.49
2025-12-31 13:00,60.99
2025-12-31 14:00,60.15
2025-12-31 15:00,60.27
2025-12-31 16:00,60.49
2025-12-31 17:00,60.49
2025-12-31 19:00,60.15
2025-12-31 20:00,60.27
2026-01-02 04:00,59.96
2026-01-02 06:00,60.12
2026-01-02 08:00,59.84
2026-01-02 09:00,59.70
2026-01-02 10:00,59.74
2026-01-02 11:00,59.83
2026-01-02 13:00,60.10
2026-01-02 14:00,60.36
2026-01-02 15:00,59.74
2026-01-02 16:00,59.83
2026-01-02 18:00,60.10
2026-01-02 19:00,60.36
2026-01-04 19:00,60.31
2026-01-04 20:00,60.50
2026-01-04 21:00,60.23
2026-01-04 23:00,60.00
2026-01-05 00:00,59.85
2026-01-05 01:00,59.89
2026-01-05 02:00,60.23
2026-01-05 03:00,59.52
2026-01-05 04:00,60.26
2026-01-05 05:00,60.18
2026-01-05 06:00,60.18
2026-01-05 07:00,60.43
2026-01-05 08:00,60.56
2026-01-05 09:00,60.65
2026-01-05 10:00,60.73
2026-01-05 11:00,60.70
2026-01-05 12:00,60.70
2026-01-05 13:00,60.56
2026-01-05 14:00,60.80
2026-01-05 15:00,60.82
2026-01-05 16:00,60.70
2026-01-05 17:00,60.70
2026-01-05 19:00,60.80
2026-01-05 20:00,60.70
2026-01-05 21:00,60.56
2026-01-05 22:00,60.54
2026-01-06 00:00,60.65
2026-01-06 01:00,60.62
2026-01-06 02:00,60.58
2026-01-06 03:00,60.54
2026-01-06 05:00,60.65
2026-01-06 06:00,60.62
2026-01-06 07:00,60.82
2026-01-06 08:00,61.01
2026-01-06 09:00,60.69
2026-01-06 12:00,60.39
2026-01-06 13:00,61.01
2026-01-06 14:00,59.83
2026-01-06 15:00,59.86
2026-01-06 16:00,59.85
2026-01-06 17:00,60.39
2026-01-06 19:00,59.83
2026-01-06 20:00,59.66
2026-01-06 21:00,59.60
2026-01-06 22:00,59.59
2026-01-07 01:00,59.50
2026-01-07 02:00,59.49
2026-01-07 03:00,59.59
2026-01-07 04:00,59.59
2026-01-07 05:00,59.71
2026-01-07 06:00,59.50
2026-01-07 07:00,59.90
2026-01-07 08:00,59.80
2026-01-07 09:00,59.84
2026-01-07 10:00,59.85
2026-01-07 11:00,59.70
2026-01-07 12:00,59.52
2026-01-07 13:00,59.80
2026-01-07 14:00,59.32
2026-01-07 15:00,59.45
2026-01-07 16:00,59.70
2026-01-07 17:00,59.52
2026-01-07 19:00,59.32
2026-01-07 20:00,59.45
2026-01-08 00:00,59.45
2026-01-08 01:00,59.43
2026-01-08 03:00,59.36
2026-01-08 05:00,59.67
2026-01-08 06:00,59.71
2026-01-08 07:00,59.90
2026-01-08 08:00,59.36
2026-01-08 09:00,60.04
2026-01-08 10:00,59.67
2026-01-08 11:00,60.19
2026-01-08 12:00,59.90
2026-01-08 13:00,60.43
2026-01-08 14:00,60.82
2026-01-08 15:00,61.45
2026-01-08 16:00,60.19
2026-01-08 18:00,60.43
2026-01-08 19:00,60.82
2026-01-08 20:00,61.05
2026-01-08 21:00,61.15
2026-01-09 00:00,61.12
2026-01-09 01:00,61.05
2026-01-09 02:00,61.15
2026-01-09 04:00,60.95
2026-01-09 05:00,61.04
2026-01-09 08:00,61.17
2026-01-09 09:00,61.82
2026-01-09 10:00,61.81
2026-01-09 11:00,62.07
2026-01-09 12:00,62.05
2026-01-09 13:00,61.82
2026-01-09 14:00,61.68
2026-01-09 15:00,61.75
2026-01-09 16:00,62.07
2026-01-09 17:00,62.05
2026-01-09 18:00,61.82
2026-01-09 19:00,61.68
2026-01-09 20:00,61.75
2026-01-11 20:00,61.66
2026-01-11 21:00,61.70
2026-01-12 00:00,61.90
2026-01-12 01:00,61.66
2026-01-12 02:00,61.66
2026-01-12 03:00,61.73
2026-01-12 04:00,61.60
2026-01-12 05:00,61.90
2026-01-12 07:00,61.66
2026-01-12 08:00,61.36
2026-01-12 09:00,61.37
2026-01-12 10:00,61.61
2026-01-12 13:00,61.36
2026-01-12 14:00,62.08
2026-01-12 15:00,61.61
2026-01-12 19:00,62.08
2026-01-12 20:00,62.00
2026-01-13 00:00,62.03
2026-01-13 01:00,62.00
2026-01-13 03:00,62.30
2026-01-13 04:00,62.61
2026-01-13 05:00,62.51
2026-01-13 07:00,62.58
2026-01-13 08:00,62.54
2026-01-13 09:00,62.89
2026-01-13 10:00,63.01
2026-01-13 11:00,62.97
2026-01-13 12:00,62.80
2026-01-13 13:00,63.05
2026-01-13 14:00,63.08
2026-01-13 15:00,63.12
2026-01-13 16:00,62.97
2026-01-13 17:00,62.80
2026-01-13 18:00,63.05
2026-01-13 19:00,63.08
2026-01-13 20:00,63.12
2026-01-13 22:00,63.00
2026-01-14 03:00,62.68
2026-01-14 07:00,63.67
2026-01-14 08:00,63.49
2026-01-14 09:00,63.59
2026-01-14 10:00,63.65
2026-01-14 11:00,63.73
2026-01-14 12:00,63.77
2026-01-14 13:00,63.49
2026-01-14 14:00,64.05
2026-01-14 15:00,62.47
2026-01-14 16:00,62.79
2026-01-14 17:00,63.77
2026-01-14 19:00,64.05
2026-01-14 20:00,62.88
2026-01-14 21:00,62.79
2026-01-15 00:00,62.39
2026-01-15 01:00,62.88
2026-01-15 03:00,62.24
2026-01-15 04:00,61.99
2026-01-15 05:00,62.39
2026-01-15 08:00,62.24
2026-01-15 09:00,61.99
2026-01-15 10:00,61.98
2026-01-15 11:00,61.80
2026-01-15 13:00,61.76
2026-01-15 15:00,61.66
2026-01-15 16:00,61.90
2026-01-15 18:00,61.76
2026-01-15 20:00,61.66
2026-01-15 21:00,61.87
2026-01-15 23:00,61.73
2026-01-16 01:00,61.71
2026-01-16 02:00,61.89
2026-01-16 04:00,61.73
2026-01-16 06:00,62.32
2026-01-16 07:00,62.36
2026-01-16 08:00,62.36
2026-01-16 09:00,62.24
2026-01-16 11:00,62.41
2026-01-16 12:00,62.30
2026-01-16 13:00,62.37
2026-01-16 14:00,62.19
2026-01-16 15:00,62.16
2026-01-16 16:00,62.41
2026-01-16 17:00,62.30
2026-01-16 18:00,62.37
2026-01-16 19:00,62.19
2026-01-16 20:00,62.16
2026-01-20 09:00,62.54
2026-01-20 10:00,62.61
2026-01-20 11:00,62.51
2026-01-20 14:00,62.53
2026-01-20 15:00,62.61
2026-01-20 16:00,62.51
2026-01-20 19:00,62.53
2026-01-20 20:00,62.31
2026-01-20 21:00,62.31
2026-01-20 23:00,62.38
2026-01-21 01:00,62.31
2026-01-21 02:00,62.22
2026-01-21 03:00,62.17
2026-01-21 04:00,62.26
2026-01-21 06:00,62.61
2026-01-21 07:00,62.96
2026-01-21 08:00,62.97
2026-01-21 09:00,62.26
2026-01-21 10:00,62.83
2026-01-21 11:00,63.06
2026-01-21 12:00,62.96
2026-01-21 13:00,63.24
2026-01-21 14:00,63.19
2026-01-21 15:00,62.83
2026-01-21 16:00,63.06
2026-01-21 18:00,63.24
2026-01-21 19:00,63.19
2026-01-21 21:00,63.02
2026-01-22 00:00,63.18
2026-01-22 01:00,63.10
2026-01-22 02:00,63.02
2026-01-22 05:00,62.63
2026-01-22 06:00,62.47
2026-01-22 07:00,62.42
2026-01-22 08:00,62.25
2026-01-22 09:00,62.48
2026-01-22 10:00,62.48
2026-01-22 11:00,62.28
2026-01-22 12:00,62.05
2026-01-22 13:00,62.12
2026-01-22 14:00,62.22
2026-01-22 15:00,62.48
2026-01-22 16:00,62.28
2026-01-22 17:00,62.05
2026-01-22 18:00,62.12
2026-01-22 19:00,62.22
2026-01-22 21:00,62.56
2026-01-22 22:00,62.65
2026-01-23 00:00,62.60
2026-01-23 02:00,62.45
2026-01-23 03:00,62.65
2026-01-23 04:00,62.75
2026-01-23 05:00,62.60
2026-01-23 07:00,62.45
2026-01-23 08:00,63.47
2026-01-23 09:00,63.59
2026-01-23 11:00,63.58
2026-01-23 12:00,63.54
2026-01-23 13:00,63.38
2026-01-23 14:00,63.35
2026-01-23 16:00,63.58
2026-01-23 17:00,63.54
2026-01-23 18:00,63.38
2026-01-23 19:00,63.35
2026-01-25 21:00,63.36
2026-01-25 22:00,63.33
2026-01-26 00:00,63.44
2026-01-26 01:00,63.87
2026-01-26 02:00,63.36
2026-01-26 03:00,63.33
2026-01-26 05:00,63.44
2026-01-26 06:00,63.87
2026-01-26 09:00,63.35
2026-01-26 13:00,63.35
2026-01-26 14:00,63.35
2026-01-26 15:00,63.19
2026-01-26 16:00,63.43
2026-01-26 18:00,63.35
2026-01-26 20:00,62.97
2026-01-26 21:00,63.43
2026-01-26 23:00,62.98
2026-01-27 01:00,63.08
2026-01-27 04:00,63.23
2026-01-27 05:00,63.53
2026-01-27 06:00,63.08
2026-01-27 08:00,63.98
2026-01-27 09:00,63.68
2026-01-27 10:00,63.90
2026-01-27 11:00,63.92
2026-01-27 13:00,64.15
2026-01-27 14:00,64.20
2026-01-27 15:00,64.35
2026-01-27 16:00,63.92
2026-01-27 18:00,64.15
2026-01-27 19:00,64.20
2026-01-27 20:00,64.35
2026-01-27 21:00,64.39
2026-01-27 22:00,64.65
2026-01-28 02:00,64.39
2026-01-28 03:00,64.65
2026-01-28 04:00,64.18
2026-01-28 06:00,64.36
2026-01-28 09:00,64.66
2026-01-28 10:00,64.54
2026-01-28 11:00,64.36
2026-01-28 13:00,64.72
2026-01-28 14:00,64.68
2026-01-28 15:00,64.77
2026-01-28 18:00,64.72
2026-01-28 19:00,64.68
2026-01-28 20:00,64.77
2026-01-28 21:00,64.94
2026-01-28 22:00,65.04
2026-01-29 00:00,65.07
2026-01-29 01:00,65.05
2026-01-29 02:00,65.20
2026-01-29 03:00,65.04
2026-01-29 04:00,65.36
2026-01-29 05:00,65.68
2026-01-29 06:00,65.62
2026-01-29 07:00,65.63
2026-01-29 08:00,66.09
2026-01-29 09:00,66.47
2026-01-29 10:00,65.69
2026-01-29 11:00,65.93
2026-01-29 12:00,66.13
2026-01-29 13:00,65.87
2026-01-29 14:00,66.04
2026-01-29 15:00,66.17
2026-01-29 16:00,65.99
2026-01-29 17:00,66.13
2026-01-29 18:00,65.87
2026-01-29 19:00,66.04
2026-01-29 20:00,65.73
2026-01-29 21:00,65.30
2026-01-29 22:00,65.16
2026-01-30 01:00,65.18
2026-01-30 02:00,65.23
2026-01-30 03:00,65.26
2026-01-30 04:00,65.54
2026-01-30 05:00,65.48
2026-01-30 06:00,65.18
2026-01-30 07:00,65.75
2026-01-30 08:00,65.82
2026-01-30 09:00,66.26
2026-01-30 10:00,66.26
2026-01-30 11:00,66.34
2026-01-30 12:00,65.42
2026-01-30 13:00,65.46
2026-01-30 14:00,66.17
2026-01-30 15:00,66.26
2026-01-30 16:00,66.21
2026-01-30 17:00,65.42
2026-01-30 18:00,65.46
2026-01-30 19:00,66.17
2026-01-30 20:00,66.26
2026-01-30 21:00,66.21
2026-02-01 18:00,64.66
2026-02-01 19:00,64.76
2026-02-01 20:00,64.16
2026-02-01 21:00,63.70
2026-02-01 22:00,63.80
2026-02-01 23:00,63.66
2026-02-02 00:00,63.05
2026-02-02 01:00,63.11
2026-02-02 02:00,63.23
2026-02-02 03:00,63.26
2026-02-02 04:00,63.52
2026-02-02 05:00,63.53
2026-02-02 06:00,63.11
2026-02-02 07:00,63.23
2026-02-02 08:00,63.26
2026-02-02 09:00,63.25
2026-02-02 10:00,63.53
2026-02-02 14:00,63.25
2026-02-02 20:00,63.41
2026-02-02 21:00,63.25
2026-02-03 01:00,63.11
2026-02-03 02:00,63.25
2026-02-03 03:00,62.81
2026-02-03 05:00,63.32
2026-02-03 06:00,63.25
2026-02-03 08:00,62.81
2026-02-03 09:00,63.94
2026-02-03 10:00,63.84
2026-02-03 11:00,63.96
2026-02-03 12:00,64.41
2026-02-03 13:00,64.20
2026-02-03 14:00,64.51
2026-02-03 15:00,64.56
2026-02-03 16:00,63.96
2026-02-03 17:00,64.41
2026-02-03 18:00,64.20
2026-02-03 19:00,64.51
2026-02-03 20:00,64.56
2026-02-03 21:00,64.80
2026-02-03 23:00,64.81
2026-02-04 02:00,64.80
2026-02-04 03:00,64.38
2026-02-04 04:00,64.81
2026-02-04 07:00,64.78
2026-02-04 08:00,64.34
2026-02-04 09:00,64.75
2026-02-04 10:00,64.65
2026-02-04 12:00,65.75
2026-02-04 13:00,65.74
2026-02-04 14:00,65.16
2026-02-04 15:00,65.38
2026-02-04 16:00,65.38
2026-02-04 17:00,65.75
2026-02-04 18:00,65.74
2026-02-04 19:00,65.16
2026-02-04 20:00,65.31
2026-02-04 21:00,65.06
2026-02-04 22:00,65.02
2026-02-05 00:00,64.99
2026-02-05 01:00,64.92
2026-02-05 02:00,65.06
2026-02-05 03:00,65.13
2026-02-05 04:00,65.14
2026-02-05 05:00,65.27
2026-02-05 06:00,64.92
2026-02-05 07:00,65.02
2026-02-05 08:00,64.68
2026-02-05 09:00,64.71
2026-02-05 10:00,64.32
2026-02-05 11:00,64.45
2026-02-05 12:00,64.81
2026-02-05 13:00,64.68
2026-02-05 14:00,64.71
2026-02-05 15:00,64.32
2026-02-05 16:00,64.58
2026-02-05 17:00,64.81
2026-02-05 21:00,64.86
2026-02-06 01:00,65.41
2026-02-06 02:00,65.37
2026-02-06 03:00,65.37
2026-02-06 04:00,65.67
2026-02-06 05:00,65.24
2026-02-06 06:00,65.41
2026-02-06 07:00,64.38
2026-02-06 08:00,64.06
2026-02-06 09:00,65.01
2026-02-06 10:00,65.19
2026-02-06 11:00,65.30
2026-02-06 12:00,64.38
2026-02-06 13:00,65.43
2026-02-06 14:00,65.08
2026-02-06 15:00,65.26
2026-02-06 16:00,65.30
2026-02-06 18:00,65.43
2026-02-06 19:00,65.08
2026-02-06 20:00,65.26
2026-02-08 21:00,64.81
2026-02-08 22:00,64.78
2026-02-08 23:00,64.73
2026-02-09 02:00,64.81
2026-02-09 03:00,64.72
2026-02-09 04:00,64.59
2026-02-09 05:00,65.28
2026-02-09 06:00,65.12
2026-02-09 08:00,64.72
2026-02-09 09:00,65.45
2026-02-09 10:00,65.28
2026-02-09 11:00,66.15
2026-02-09 12:00,66.08
2026-02-09 14:00,65.94
2026-02-09 15:00,65.96
2026-02-09 16:00,66.15
2026-02-09 17:00,66.08
2026-02-09 19:00,65.94
2026-02-09 20:00,65.67
2026-02-09 21:00,65.89
2026-02-10 01:00,65.67
2026-02-10 02:00,65.89
2026-02-10 04:00,66.25
2026-02-10 05:00,66.06
2026-02-10 08:00,66.19
2026-02-10 09:00,66.06
2026-02-10 10:00,65.86
2026-02-10 11:00,65.72
2026-02-10 13:00,65.61
2026-02-10 14:00,66.06
2026-02-10 15:00,65.92
2026-02-10 16:00,65.72
2026-02-10 18:00,65.61
2026-02-10 20:00,65.92
2026-02-10 21:00,66.26
2026-02-11 02:00,66.25
2026-02-11 07:00,66.62
2026-02-11 08:00,66.71
2026-02-11 09:00,66.90
2026-02-11 10:00,66.32
2026-02-11 11:00,66.49
2026-02-11 12:00,66.62
2026-02-11 13:00,66.26
2026-02-11 14:00,66.36
2026-02-11 15:00,66.32
2026-02-11 16:00,66.49
2026-02-11 18:00,66.26
2026-02-11 19:00,66.36
2026-02-11 21:00,66.29
2026-02-12 00:00,66.34
2026-02-12 01:00,66.17
2026-02-12 02:00,66.29
2026-02-12 03:00,66.44
2026-02-12 04:00,66.07
2026-02-12 05:00,65.83
2026-02-12 06:00,66.17
2026-02-12 07:00,65.98
2026-02-12 08:00,65.82
2026-02-12 09:00,65.62
2026-02-12 10:00,65.31
2026-02-12 11:00,64.67
2026-02-12 12:00,64.59
2026-02-12 13:00,64.55
2026-02-12 14:00,64.83
2026-02-12 15:00,65.31
2026-02-12 16:00,64.67
2026-02-12 17:00,64.59
2026-02-12 18:00,64.55
2026-02-12 19:00,64.83
2026-02-12 21:00,64.68
2026-02-13 01:00,64.63
2026-02-13 02:00,64.68
2026-02-13 03:00,64.72
2026-02-13 06:00,64.28
2026-02-13 07:00,64.35
2026-02-13 08:00,64.80
2026-02-13 09:00,64.52
2026-02-13 11:00,64.47
2026-02-13 12:00,64.35
2026-02-13 13:00,64.81
2026-02-13 14:00,64.68
2026-02-13 15:00,64.45
2026-02-13 16:00,64.69
2026-02-13 18:00,64.81
2026-02-13 19:00,64.68
2026-02-13 20:00,64.45
2026-02-13 21:00,64.69
2026-02-15 18:00,64.67
2026-02-15 21:00,64.75
2026-02-15 23:00,64.67
2026-02-16 02:00,64.75
2026-02-17 04:00,65.06
2026-02-17 05:00,65.19
2026-02-17 06:00,65.48
2026-02-17 07:00,65.28
2026-02-17 08:00,64.38
2026-02-17 09:00,64.64
2026-02-17 10:00,65.19
2026-02-17 11:00,64.47
2026-02-17 12:00,64.25
2026-02-17 13:00,64.38
2026-02-17 14:00,64.37
2026-02-17 15:00,64.39
2026-02-17 16:00,64.47
2026-02-17 17:00,64.25
2026-02-17 19:00,64.37
2026-02-17 20:00,64.39
2026-02-17 21:00,64.40
2026-02-18 02:00,64.56
2026-02-18 04:00,64.56
2026-02-18 05:00,64.82
2026-02-18 07:00,65.77
2026-02-18 09:00,65.92
2026-02-18 10:00,65.99
2026-02-18 11:00,66.16
2026-02-18 12:00,66.44
2026-02-18 13:00,66.48
2026-02-18 14:00,66.38
2026-02-18 15:00,66.57
2026-02-18 16:00,66.34
2026-02-18 17:00,66.44
2026-02-18 18:00,66.48
2026-02-18 19:00,66.38
2026-02-18 20:00,66.57
2026-02-18 21:00,66.62
2026-02-18 22:00,66.69
2026-02-19 02:00,66.62
2026-02-19 03:00,67.20
2026-02-19 05:00,67.06
2026-02-19 08:00,67.20
2026-02-19 09:00,67.06
2026-02-19 10:00,67.00
2026-02-19 11:00,67.44
2026-02-19 12:00,67.42
2026-02-19 13:00,67.18
2026-02-19 14:00,67.28
2026-02-19 15:00,67.00
2026-02-19 16:00,66.98
2026-02-19 17:00,67.42
2026-02-19 18:00,67.18
2026-02-19 19:00,67.28
2026-02-19 20:00,67.40
2026-02-19 21:00,67.39
2026-02-19 22:00,67.44
2026-02-19 23:00,67.44
2026-02-20 01:00,67.40
2026-02-20 02:00,67.34
2026-02-20 03:00,67.44
2026-02-20 04:00,67.48
2026-02-20 05:00,67.13
2026-02-20 07:00,67.34
2026-02-20 08:00,67.33
2026-02-20 09:00,67.23
2026-02-20 10:00,67.04
2026-02-20 11:00,67.18
2026-02-20 13:00,67.33
2026-02-20 14:00,67.23
2026-02-20 15:00,67.04
2026-02-20 16:00,67.18
2026-02-22 21:00,67.04
2026-02-22 22:00,66.95
2026-02-22 23:00,66.85
2026-02-23 02:00,67.04
2026-02-23 03:00,67.15
2026-02-23 04:00,66.85
2026-02-23 06:00,67.46
2026-02-23 07:00,67.55
2026-02-23 08:00,67.15
2026-02-23 09:00,67.89
2026-02-23 10:00,67.95
2026-02-23 11:00,67.50
2026-02-23 12:00,67.55
2026-02-23 14:00,67.49
2026-02-23 15:00,67.62
2026-02-23 16:00,67.50
2026-02-23 19:00,67.49
2026-02-23 20:00,67.49
2026-02-23 21:00,67.68
2026-02-23 23:00,67.98
2026-02-24 00:00,67.95
2026-02-24 01:00,67.97
2026-02-24 02:00,67.85
2026-02-24 03:00,67.78
2026-02-24 04:00,67.71
2026-02-24 05:00,67.54
2026-02-24 06:00,67.97
2026-02-24 07:00,67.85
2026-02-24 08:00,67.90
2026-02-24 09:00,67.76
2026-02-24 10:00,67.45
2026-02-24 11:00,67.44
2026-02-24 12:00,67.49
2026-02-24 13:00,67.64
2026-02-24 14:00,67.47
2026-02-24 15:00,67.86
2026-02-24 16:00,67.78
2026-02-24 17:00,67.49
2026-02-24 18:00,67.64
2026-02-24 19:00,67.47
2026-02-24 20:00,67.74
2026-02-24 21:00,67.90
2026-02-24 22:00,67.74
2026-02-25 00:00,67.72
2026-02-25 01:00,67.68
2026-02-25 02:00,67.67
2026-02-25 03:00,67.56
2026-02-25 04:00,67.44
2026-02-25 05:00,67.72
2026-02-25 06:00,67.68
2026-02-25 07:00,67.67
2026-02-25 08:00,67.81
2026-02-25 09:00,67.41
2026-02-25 10:00,67.52
2026-02-25 11:00,67.47
2026-02-25 12:00,67.50
2026-02-25 13:00,67.81
2026-02-25 14:00,67.41
2026-02-25 15:00,67.52
2026-02-25 16:00,67.54
2026-02-25 17:00,67.50
2026-02-25 20:00,67.52
2026-02-25 21:00,67.54
2026-02-26 02:00,67.54
2026-02-26 04:00,67.22
2026-02-26 05:00,66.94
2026-02-26 06:00,66.95
2026-02-26 08:00,66.71
2026-02-26 09:00,66.67
2026-02-26 10:00,68.37
2026-02-26 11:00,67.98
2026-02-26 12:00,68.16
2026-02-26 13:00,67.39
2026-02-26 14:00,66.67
2026-02-26 15:00,67.58
2026-02-26 16:00,67.64
2026-02-26 17:00,68.16
2026-02-26 18:00,67.39
2026-02-26 20:00,67.58
2026-02-26 21:00,67.64
2026-02-26 22:00,67.27
2026-02-27 00:00,67.60
2026-02-27 01:00,67.73
2026-02-27 03:00,67.60
2026-02-27 05:00,68.10
2026-02-27 06:00,68.34
2026-02-27 07:00,68.45
2026-02-27 08:00,69.06
2026-02-27 09:00,69.12
2026-02-27 10:00,68.34
2026-02-27 11:00,68.28
2026-02-27 12:00,68.04
2026-02-27 13:00,69.06
2026-02-27 14:00,68.58
2026-02-27 15:00,68.34
2026-02-27 16:00,68.64
2026-02-27 17:00,68.04
2026-02-27 19:00,68.58
2026-02-27 21:00,68.64
2026-03-01 18:00,71.47
2026-03-01 19:00,71.30
2026-03-01 20:00,69.96
2026-03-01 21:00,70.05
2026-03-01 22:00,70.36
2026-03-01 23:00,70.51
2026-03-02 00:00,70.40
2026-03-02 01:00,70.81
2026-03-02 02:00,71.34
2026-03-02 03:00,70.87
2026-03-02 04:00,71.03
2026-03-02 05:00,70.80
2026-03-02 06:00,70.90
2026-03-02 07:00,71.24
2026-03-02 08:00,71.44
2026-03-02 09:00,70.66
2026-03-02 10:00,70.58
2026-03-02 11:00,69.64
2026-03-02 12:00,69.80
2026-03-02 13:00,69.90
2026-03-02 14:00,69.84
2026-03-02 15:00,70.28
2026-03-02 16:00,70.16
2026-03-02 17:00,69.80
2026-03-02 18:00,69.90
2026-03-02 19:00,70.25
2026-03-02 20:00,70.58
2026-03-02 21:00,70.94
2026-03-02 22:00,70.89
2026-03-02 23:00,70.84
2026-03-03 00:00,71.04
2026-03-03 01:00,70.58
2026-03-03 02:00,71.60
2026-03-03 03:00,71.20
2026-03-03 04:00,71.69
2026-03-03 05:00,72.69
2026-03-03 06:00,72.23
2026-03-03 07:00,71.69
2026-03-03 08:00,71.28
2026-03-03 09:00,71.35
2026-03-03 10:00,71.16
2026-03-03 11:00,70.65
2026-03-03 12:00,70.56
2026-03-03 13:00,70.28
2026-03-03 14:00,69.85
2026-03-03 15:00,69.93
2026-03-03 16:00,70.29
2026-03-03 17:00,70.56
2026-03-03 18:00,70.28
2026-03-03 19:00,70.49
2026-03-03 20:00,70.05
2026-03-03 21:00,70.49
2026-03-03 22:00,70.35
2026-03-03 23:00,70.50
2026-03-04 00:00,70.28
2026-03-04 01:00,71.09
2026-03-04 02:00,70.97
2026-03-04 03:00,71.28
2026-03-04 04:00,70.89
2026-03-04 05:00,70.20
2026-03-04 06:00,70.40
2026-03-04 07:00,70.50
2026-03-04 08:00,70.18
2026-03-04 09:00,70.43
2026-03-04 10:00,70.36
2026-03-04 11:00,70.23
2026-03-04 12:00,70.79
2026-03-04 13:00,70.60
2026-03-04 14:00,70.55
2026-03-04 15:00,70.62
2026-03-04 16:00,70.74
2026-03-04 17:00,70.79
2026-03-04 18:00,70.88
2026-03-04 19:00,70.55
2026-03-04 20:00,71.13
2026-03-04 21:00,70.98
2026-03-04 22:00,71.22
2026-03-04 23:00,71.19
2026-03-05 00:00,71.58
2026-03-05 01:00,70.89
2026-03-05 02:00,71.42
2026-03-05 03:00,71.67
2026-03-05 04:00,71.29
2026-03-05 05:00,71.48
2026-03-05 06:00,71.72
2026-03-05 07:00,71.47
2026-03-05 08:00,71.48
2026-03-05 09:00,71.70
2026-03-05 10:00,71.82
2026-03-05 11:00,71.72
2026-03-05 12:00,71.99
2026-03-05 13:00,72.05
2026-03-05 14:00,72.04
2026-03-05 15:00,71.53
2026-03-05 16:00,71.40
2026-03-05 17:00,71.99
2026-03-05 18:00,72.05
2026-03-05 19:00,72.04
2026-03-05 20:00,71.53
2026-03-05 21:00,71.61
2026-03-05 22:00,71.57
2026-03-05 23:00,71.59
2026-03-06 00:00,71.66
2026-03-06 01:00,71.79
2026-03-06 02:00,71.80
2026-03-06 03:00,71.78
2026-03-06 04:00,72.69
2026-03-06 05:00,72.59
2026-03-06 06:00,72.82
2026-03-06 07:00,73.51
2026-03-06 08:00,73.78
2026-03-06 09:00,73.85
2026-03-06 10:00,73.28
2026-03-06 11:00,73.50
2026-03-06 12:00,73.72
2026-03-06 13:00,73.43
2026-03-06 14:00,74.05
2026-03-06 15:00,73.72
2026-03-06 16:00,74.17
2026-03-06 17:00,73.72
2026-03-06 18:00,73.43
2026-03-06 19:00,74.05
2026-03-06 20:00,73.72
2026-03-06 21:00,74.17
2026-03-08 18:00,79.34
2026-03-08 19:00,79.05
2026-03-08 20:00,79.26
2026-03-08 21:00,80.35
2026-03-08 22:00,80.19
2026-03-08 23:00,81.70
2026-03-09 00:00,81.96
2026-03-09 01:00,78.61
2026-03-09 02:00,79.60
2026-03-09 03:00,78.87
2026-03-09 04:00,79.53
2026-03-09 05:00,78.00
2026-03-09 06:00,78.35
2026-03-09 07:00,77.75
2026-03-09 08:00,77.59
2026-03-09 09:00,76.05
2026-03-09 10:00,76.70
2026-03-09 11:00,75.29
2026-03-09 12:00,75.49
2026-03-09 13:00,76.41
2026-03-09 14:00,76.96
2026-03-09 15:00,73.37
2026-03-09 16:00,73.95
2026-03-09 17:00,76.41
2026-03-09 18:00,76.96
2026-03-09 19:00,75.46
2026-03-09 20:00,75.18
2026-03-09 21:00,73.95
2026-03-09 22:00,75.02
2026-03-09 23:00,74.83
2026-03-10 00:00,74.88
2026-03-10 01:00,74.41
2026-03-10 02:00,74.19
2026-03-10 03:00,73.30
2026-03-10 04:00,74.35
2026-03-10 05:00,74.83
2026-03-10 06:00,75.06
2026-03-10 07:00,74.74
2026-03-10 08:00,75.00
2026-03-10 09:00,74.62
2026-03-10 10:00,73.89
2026-03-10 11:00,73.55
2026-03-10 12:00,73.93
2026-03-10 13:00,72.92
2026-03-10 14:00,74.55
2026-03-10 15:00,75.44
2026-03-10 16:00,75.17
2026-03-10 17:00,72.92
2026-03-10 18:00,75.98
2026-03-10 19:00,75.10
2026-03-10 20:00,74.56
2026-03-10 21:00,74.47
2026-03-10 22:00,75.19
2026-03-10 23:00,74.47
2026-03-11 00:00,74.61
2026-03-11 01:00,75.07
2026-03-11 02:00,74.69
2026-03-11 03:00,75.01
2026-03-11 04:00,75.34
2026-03-11 05:00,75.70
2026-03-11 06:00,75.24
2026-03-11 07:00,75.63
2026-03-11 08:00,75.71
2026-03-11 09:00,74.64
2026-03-11 10:00,75.60
2026-03-11 11:00,76.05
2026-03-11 12:00,76.00
2026-03-11 13:00,76.75
2026-03-11 14:00,77.75
2026-03-11 15:00,77.92
2026-03-11 16:00,77.89
2026-03-11 17:00,76.75
2026-03-11 18:00,79.51
2026-03-11 19:00,80.61
2026-03-11 20:00,79.40
2026-03-11 21:00,78.79
2026-03-11 22:00,79.62
2026-03-11 23:00,79.68
2026-03-12 00:00,79.68
2026-03-12 01:00,79.16
2026-03-12 02:00,78.37
2026-03-12 03:00,77.93
2026-03-12 04:00,78.78
2026-03-12 05:00,78.86
2026-03-12 06:00,78.25
2026-03-12 07:00,79.11
2026-03-12 08:00,79.00
2026-03-12 09:00,79.51
2026-03-12 10:00,79.50
2026-03-12 11:00,79.13
2026-03-12 12:00,79.41
2026-03-12 13:00,79.87
2026-03-12 14:00,81.56
2026-03-12 15:00,81.58
2026-03-12 16:00,81.51
2026-03-12 17:00,79.87
2026-03-12 18:00,81.87
2026-03-12 19:00,81.58
2026-03-12 20:00,81.51
2026-03-12 21:00,81.28
2026-03-12 22:00,81.18
2026-03-12 23:00,81.36
2026-03-13 01:00,81.12
2026-03-13 02:00,81.05
2026-03-13 03:00,81.52
2026-03-13 04:00,81.16
2026-03-13 05:00,81.30
2026-03-13 06:00,81.20
2026-03-13 07:00,80.98
2026-03-13 08:00,80.66
2026-03-13 09:00,80.45
2026-03-13 10:00,80.84
2026-03-13 11:00,81.08
2026-03-13 12:00,80.81
2026-03-13 13:00,81.25
2026-03-13 14:00,81.54
2026-03-13 15:00,81.37
2026-03-13 16:00,81.97
2026-03-13 17:00,81.25
2026-03-13 18:00,81.54
2026-03-13 19:00,81.37
2026-03-13 20:00,81.97
2026-03-15 18:00,82.42
2026-03-15 19:00,81.89
2026-03-15 20:00,81.38
2026-03-15 21:00,81.33
2026-03-15 22:00,81.80
2026-03-15 23:00,82.00
2026-03-16 00:00,81.38
2026-03-16 01:00,81.49
2026-03-16 02:00,82.02
2026-03-16 03:00,82.06
2026-03-16 04:00,81.87
2026-03-16 05:00,81.93
2026-03-16 06:00,81.26
2026-03-16 07:00,81.24
2026-03-16 08:00,80.64
2026-03-16 09:00,79.82
2026-03-16 10:00,81.23
2026-03-16 11:00,81.09
2026-03-16 12:00,81.38
2026-03-16 13:00,80.69
2026-03-16 14:00,80.39
2026-03-16 15:00,80.61
2026-03-16 16:00,80.51
2026-03-16 17:00,80.69
2026-03-16 18:00,81.59
2026-03-16 19:00,80.61
2026-03-16 20:00,81.59
2026-03-16 22:00,81.59
2026-03-16 23:00,81.51
2026-03-17 00:00,81.44
2026-03-17 01:00,81.97
2026-03-17 02:00,82.11
2026-03-17 03:00,82.23
2026-03-17 04:00,82.85
2026-03-17 05:00,82.53
2026-03-17 06:00,82.90
2026-03-17 07:00,83.18
2026-03-17 08:00,82.36
2026-03-17 09:00,82.03
2026-03-17 10:00,81.64
2026-03-17 11:00,82.40
2026-03-17 12:00,81.94
2026-03-17 13:00,82.20
2026-03-17 14:00,82.56
2026-03-17 15:00,82.91
2026-03-17 16:00,82.88
2026-03-17 17:00,82.20
2026-03-17 18:00,82.56
2026-03-17 19:00,82.91
2026-03-17 20:00,82.40
2026-03-17 21:00,82.17
2026-03-17 22:00,82.09
2026-03-17 23:00,81.71
2026-03-18 00:00,81.65
2026-03-18 01:00,81.50
2026-03-18 02:00,81.62
2026-03-18 03:00,81.85
2026-03-18 04:00,81.79
2026-03-18 05:00,82.14
2026-03-18 06:00,82.34
2026-03-18 07:00,82.67
2026-03-18 08:00,84.77
2026-03-18 09:00,84.84
2026-03-18 10:00,84.73
2026-03-18 11:00,84.95
2026-03-18 12:00,84.63
2026-03-18 13:00,84.07
2026-03-18 14:00,84.84
2026-03-18 15:00,85.34
2026-03-18 16:00,85.83
2026-03-18 17:00,84.07
2026-03-18 18:00,85.71
2026-03-18 19:00,85.31
2026-03-18 20:00,86.30
2026-03-18 21:00,86.20
2026-03-18 22:00,86.22
2026-03-18 23:00,85.79
2026-03-19 00:00,86.19
2026-03-19 01:00,86.51
2026-03-19 02:00,86.92
2026-03-19 03:00,86.59
2026-03-19 04:00,87.27
2026-03-19 05:00,86.01
2026-03-19 06:00,85.97
2026-03-19 07:00,86.31
2026-03-19 08:00,85.40
2026-03-19 09:00,85.23
2026-03-19 10:00,85.62
2026-03-19 11:00,85.36
2026-03-19 12:00,85.35
2026-03-19 13:00,85.10
2026-03-19 14:00,85.24
2026-03-19 15:00,84.09
2026-03-19 16:00,84.50
2026-03-19 17:00,85.10
2026-03-19 18:00,84.40
2026-03-19 19:00,84.03
2026-03-19 20:00,84.50
2026-03-19 21:00,83.48
2026-03-19 22:00,83.88
2026-03-19 23:00,83.89
2026-03-20 01:00,84.25
2026-03-20 02:00,85.02
2026-03-20 03:00,84.57
2026-03-20 04:00,85.43
2026-03-20 05:00,86.05
2026-03-20 06:00,85.54
2026-03-20 07:00,84.63
2026-03-20 08:00,84.65
2026-03-20 09:00,85.13
2026-03-20 10:00,85.76
2026-03-20 11:00,85.23
2026-03-20 12:00,85.30
2026-03-20 13:00,85.59
2026-03-20 14:00,86.32
2026-03-20 15:00,86.23
2026-03-20 16:00,85.87
2026-03-20 17:00,85.59
2026-03-20 18:00,86.32
2026-03-20 19:00,86.23
2026-03-20 20:00,85.87
2026-03-22 18:00,85.85
2026-03-22 19:00,86.62
2026-03-22 20:00,86.61
2026-03-22 21:00,87.19
2026-03-22 22:00,87.63
2026-03-22 23:00,87.83
2026-03-23 00:00,87.59
2026-03-23 01:00,87.50
2026-03-23 02:00,88.81
2026-03-23 03:00,89.23
2026-03-23 04:00,89.06
2026-03-23 05:00,89.12
2026-03-23 06:00,88.75
2026-03-23 07:00,83.90
2026-03-23 08:00,81.30
2026-03-23 09:00,81.34
2026-03-23 10:00,80.83
2026-03-23 11:00,81.42
2026-03-23 12:00,80.58
2026-03-23 13:00,80.20
2026-03-23 14:00,80.05
2026-03-23 15:00,80.60
2026-03-23 16:00,80.81
2026-03-23 17:00,80.20
2026-03-23 18:00,80.05
2026-03-23 19:00,81.25
2026-03-23 20:00,81.81
2026-03-23 21:00,82.80
2026-03-23 22:00,82.80
2026-03-23 23:00,82.98
2026-03-24 00:00,83.11
2026-03-24 01:00,83.37
2026-03-24 02:00,82.38
2026-03-24 03:00,82.00
2026-03-24 04:00,82.29
2026-03-24 05:00,82.53
2026-03-24 06:00,82.88
2026-03-24 07:00,83.22
2026-03-24 08:00,83.34
2026-03-24 09:00,83.60
2026-03-24 10:00,82.66
2026-03-24 11:00,83.48
2026-03-24 12:00,83.51
2026-03-24 13:00,83.06
2026-03-24 14:00,83.44
2026-03-24 15:00,83.10
2026-03-24 16:00,81.53
2026-03-24 17:00,83.06
2026-03-24 18:00,83.44
2026-03-24 19:00,83.10
2026-03-24 20:00,80.53
2026-03-24 21:00,80.53
2026-03-24 22:00,81.10
2026-03-24 23:00,81.29
2026-03-25 00:00,80.91
2026-03-25 01:00,81.28
2026-03-25 02:00,81.32
2026-03-25 03:00,81.10
2026-03-25 04:00,80.86
2026-03-25 05:00,80.65
2026-03-25 06:00,80.30
2026-03-25 07:00,80.56
2026-03-25 08:00,81.10
2026-03-25 09:00,81.24
2026-03-25 10:00,81.68
2026-03-25 11:00,82.01
2026-03-25 12:00,81.89
2026-03-25 13:00,81.74
2026-03-25 14:00,82.87
2026-03-25 15:00,82.17
2026-03-25 16:00,81.89
2026-03-25 17:00,81.74
2026-03-25 18:00,82.87
2026-03-25 19:00,82.17
2026-03-25 21:00,82.45
2026-03-25 22:00,82.43
2026-03-25 23:00,82.80
2026-03-26 00:00,83.00
2026-03-26 01:00,83.22
2026-03-26 02:00,82.43
2026-03-26 03:00,83.76
2026-03-26 04:00,84.27
2026-03-26 05:00,84.21
2026-03-26 06:00,83.85
2026-03-26 07:00,84.45
2026-03-26 08:00,84.55
2026-03-26 09:00,83.63
2026-03-26 10:00,83.79
2026-03-26 11:00,84.25
2026-03-26 12:00,84.39
2026-03-26 13:00,84.49
2026-03-26 14:00,84.36
2026-03-26 15:00,83.83
2026-03-26 16:00,83.73
2026-03-26 17:00,84.49
2026-03-26 18:00,84.36
2026-03-26 19:00,83.55
2026-03-26 20:00,83.40
2026-03-26 21:00,83.37
2026-03-26 22:00,83.11
2026-03-26 23:00,83.53
2026-03-27 00:00,83.40
2026-03-27 01:00,83.39
2026-03-27 02:00,83.68
2026-03-27 03:00,83.93
2026-03-27 04:00,84.68
2026-03-27 05:00,84.55
2026-03-27 06:00,84.94
2026-03-27 07:00,84.80
2026-03-27 08:00,84.62
2026-03-27 09:00,84.55
2026-03-27 10:00,84.35
2026-03-27 11:00,84.04
2026-03-27 12:00,84.25
2026-03-27 13:00,84.17
2026-03-27 14:00,84.35
2026-03-27 15:00,84.28
2026-03-27 16:00,84.43
2026-03-27 17:00,84.17
2026-03-27 18:00,84.35
2026-03-27 19:00,84.28
2026-03-27 20:00,84.43
2026-03-29 18:00,85.40
2026-03-29 20:00,85.96
2026-03-29 21:00,85.38
2026-03-29 22:00,85.35
2026-03-30 00:00,85.26
2026-03-30 01:00,84.99
2026-03-30 02:00,85.00
2026-03-30 03:00,85.38
2026-03-30 04:00,84.93
2026-03-30 05:00,85.20
2026-03-30 06:00,85.05
2026-03-30 07:00,84.89
2026-03-30 08:00,84.46
2026-03-30 09:00,84.90
2026-03-30 10:00,84.72
2026-03-30 11:00,84.11
2026-03-30 12:00,84.10
2026-03-30 13:00,84.41
2026-03-30 14:00,84.16
2026-03-30 15:00,83.98
2026-03-30 16:00,84.37
2026-03-30 17:00,84.41
2026-03-30 18:00,84.16
2026-03-30 19:00,83.98
2026-03-30 20:00,84.40
2026-03-30 21:00,82.81
2026-03-30 22:00,83.29
2026-03-30 23:00,83.11
2026-03-31 00:00,83.72
2026-03-31 01:00,83.60
2026-03-31 02:00,83.58
2026-03-31 03:00,83.50
2026-03-31 04:00,83.67
2026-03-31 05:00,84.06
2026-03-31 06:00,83.82
2026-03-31 07:00,82.90
2026-03-31 08:00,83.44
2026-03-31 09:00,83.34
2026-03-31 10:00,83.16
2026-03-31 11:00,82.40
2026-03-31 12:00,80.78
2026-03-31 13:00,80.90
2026-03-31 14:00,79.95
2026-03-31 15:00,79.93
2026-03-31 16:00,79.35
2026-03-31 17:00,80.90
2026-03-31 18:00,80.33
2026-03-31 19:00,79.89
2026-03-31 20:00,80.00
2026-03-31 21:00,81.19
2026-03-31 22:00,80.93
2026-03-31 23:00,80.89
2026-04-01 00:00,80.78
2026-04-01 01:00,79.78
2026-04-01 02:00,78.16
2026-04-01 03:00,78.96
2026-04-01 04:00,79.45
2026-04-01 05:00,79.61
2026-04-01 06:00,79.13
2026-04-01 07:00,78.32
2026-04-01 08:00,78.69
2026-04-01 09:00,77.65
2026-04-01 10:00,77.70
2026-04-01 11:00,77.95
2026-04-01 12:00,77.94
2026-04-01 13:00,77.79
2026-04-01 14:00,78.19
2026-04-01 15:00,78.05
2026-04-01 16:00,77.90
2026-04-01 17:00,77.79
2026-04-01 18:00,78.19
2026-04-01 19:00,78.05
2026-04-01 20:00,77.46
2026-04-01 21:00,80.52
2026-04-01 22:00,80.65
2026-04-01 23:00,80.13
2026-04-02 00:00,81.24
2026-04-02 01:00,81.15
2026-04-02 02:00,80.51
2026-04-02 03:00,80.28
2026-04-02 04:00,80.20
2026-04-02 05:00,79.79
2026-04-02 06:00,80.05
2026-04-02 07:00,80.00
2026-04-02 08:00,79.79
2026-04-02 09:00,79.63
2026-04-02 10:00,77.81
2026-04-02 11:00,77.95
2026-04-02 12:00,77.74
2026-04-02 13:00,78.26
2026-04-02 14:00,78.45
2026-04-02 15:00,78.57
2026-04-02 16:00,77.74
2026-04-02 17:00,78.26
2026-04-02 18:00,78.45
2026-04-02 19:00,78.57
2026-04-05 18:00,79.42
2026-04-05 19:00,79.48
2026-04-05 20:00,78.89
2026-04-05 21:00,79.13
2026-04-05 22:00,78.80
2026-04-05 23:00,78.92
2026-04-06 00:00,78.49
2026-04-06 01:00,78.49
2026-04-06 02:00,78.89
2026-04-06 03:00,78.38
2026-04-06 04:00,78.57
2026-04-06 05:00,78.05
2026-04-06 06:00,78.39
2026-04-06 07:00,78.80
2026-04-06 08:00,79.27
2026-04-06 09:00,79.37
2026-04-06 10:00,79.45
2026-04-06 11:00,79.74
2026-04-06 12:00,79.65
2026-04-06 13:00,80.28
2026-04-06 14:00,80.18
2026-04-06 15:00,80.12
2026-04-06 16:00,80.25
2026-04-06 17:00,80.28
2026-04-06 18:00,80.18
2026-04-06 19:00,80.27
2026-04-06 20:00,80.25
2026-04-06 21:00,81.35
2026-04-06 22:00,81.22
2026-04-06 23:00,81.33
2026-04-07 00:00,81.40
2026-04-07 01:00,80.49
2026-04-07 02:00,81.30
2026-04-07 03:00,81.35
2026-04-07 04:00,80.50
2026-04-07 05:00,80.50
2026-04-07 06:00,81.15
2026-04-07 07:00,81.36
2026-04-07 08:00,81.17
2026-04-07 09:00,80.92
2026-04-07 10:00,81.84
2026-04-07 11:00,81.25
2026-04-07 12:00,81.58
2026-04-07 13:00,81.84
2026-04-07 14:00,81.79
2026-04-07 15:00,80.18
2026-04-07 16:00,80.29
2026-04-07 17:00,81.84
2026-04-07 18:00,76.66
2026-04-07 19:00,76.99
2026-04-07 20:00,76.81
2026-04-07 21:00,76.43
2026-04-07 22:00,77.07
2026-04-07 23:00,76.87
2026-04-08 00:00,76.68
2026-04-08 01:00,76.77
2026-04-08 02:00,76.50
2026-04-08 03:00,77.55
2026-04-08 04:00,77.73
2026-04-08 05:00,76.77
2026-04-08 06:00,77.45
2026-04-08 07:00,76.72
2026-04-08 08:00,76.74
2026-04-08 09:00,77.55
2026-04-08 10:00,78.15
2026-04-08 11:00,78.29
2026-04-08 12:00,78.44
2026-04-08 13:00,79.72
2026-04-08 14:00,80.28
2026-04-08 15:00,80.56
2026-04-08 16:00,80.50
2026-04-08 17:00,79.72
2026-04-08 18:00,80.28
2026-04-08 19:00,80.89
2026-04-08 20:00,81.00
2026-04-08 21:00,80.13
2026-04-08 22:00,79.88
2026-04-08 23:00,80.89
2026-04-09 00:00,80.29
2026-04-09 01:00,80.35
2026-04-09 02:00,80.23
2026-04-09 03:00,80.09
2026-04-09 04:00,80.41
2026-04-09 05:00,80.18
2026-04-09 06:00,80.33
2026-04-09 07:00,79.59
2026-04-09 08:00,80.34
2026-04-09 09:00,80.35
2026-04-09 10:00,80.65
2026-04-09 11:00,79.60
2026-04-09 12:00,78.84
2026-04-09 13:00,79.36
2026-04-09 14:00,80.09
2026-04-09 15:00,79.96
2026-04-09 16:00,79.70
2026-04-09 17:00,79.36
2026-04-09 18:00,80.09
2026-04-09 19:00,79.96
2026-04-09 20:00,79.70
2026-04-09 21:00,79.75
2026-04-09 22:00,79.88
2026-04-09 23:00,79.67
2026-04-10 00:00,79.60
2026-04-10 01:00,79.75
2026-04-10 02:00,79.93
2026-04-10 03:00,80.60
2026-04-10 04:00,80.57
2026-04-10 05:00,80.10
2026-04-10 06:00,80.18
2026-04-10 07:00,80.26
2026-04-10 08:00,80.19
2026-04-10 09:00,80.35
2026-04-10 10:00,80.41
2026-04-10 11:00,81.19
2026-04-10 12:00,81.24
2026-04-10 13:00,81.08
2026-04-10 14:00,80.36
2026-04-10 15:00,80.45
2026-04-10 16:00,81.24
2026-04-10 17:00,81.08
2026-04-10 18:00,80.36
2026-04-10 19:00,80.45
2026-04-10 20:00,80.38
2026-04-12 18:00,83.50
2026-04-12 19:00,83.00
2026-04-12 20:00,83.15
2026-04-12 21:00,82.45
2026-04-12 22:00,82.45
2026-04-12 23:00,83.00
2026-04-13 00:00,82.66
2026-04-13 01:00,82.48
2026-04-13 02:00,82.49
2026-04-13 03:00,82.71
2026-04-13 04:00,83.25
2026-04-13 05:00,82.48
2026-04-13 06:00,83.15
2026-04-13 07:00,83.40
2026-04-13 08:00,83.51
2026-04-13 09:00,82.12
2026-04-13 10:00,82.74
2026-04-13 11:00,83.71
2026-04-13 12:00,83.18
2026-04-13 13:00,82.92
2026-04-13 14:00,82.57
2026-04-13 15:00,82.45
2026-04-13 16:00,82.38
2026-04-13 17:00,82.92
2026-04-13 18:00,82.41
2026-04-13 19:00,82.45
2026-04-13 20:00,82.31
2026-04-13 22:00,82.60
2026-04-13 23:00,82.41
2026-04-14 00:00,82.31
2026-04-14 01:00,82.61
2026-04-14 02:00,82.99
2026-04-14 03:00,82.77
2026-04-14 04:00,83.16
2026-04-14 05:00,83.36
2026-04-14 06:00,83.33
2026-04-14 07:00,83.00
2026-04-14 08:00,82.54
2026-04-14 09:00,82.31
2026-04-14 10:00,81.50
2026-04-14 11:00,81.57
2026-04-14 12:00,81.30
2026-04-14 13:00,81.30
2026-04-14 14:00,81.40
2026-04-14 15:00,81.50
2026-04-14 16:00,81.30
2026-04-14 17:00,81.30
2026-04-14 18:00,81.40
2026-04-14 19:00,80.99
2026-04-14 20:00,81.24
2026-04-14 21:00,81.00
2026-04-14 22:00,81.28
2026-04-14 23:00,81.06
2026-04-15 00:00,81.24
2026-04-15 01:00,81.00
2026-04-15 02:00,81.11
2026-04-15 03:00,81.63
2026-04-15 04:00,82.35
2026-04-15 05:00,82.19
2026-04-15 06:00,82.02
2026-04-15 07:00,81.47
2026-04-15 08:00,81.56
2026-04-15 09:00,81.61
2026-04-15 10:00,82.09
2026-04-15 11:00,82.50
2026-04-15 12:00,82.46
2026-04-15 13:00,81.61
2026-04-15 14:00,82.25
2026-04-15 15:00,82.00
2026-04-15 16:00,81.87
2026-04-15 18:00,81.95
2026-04-15 19:00,82.00
2026-04-15 20:00,81.70
2026-04-15 21:00,81.93
2026-04-15 22:00,82.02
2026-04-16 00:00,81.70
2026-04-16 01:00,81.93
2026-04-16 02:00,81.87
2026-04-16 03:00,82.53
2026-04-16 04:00,82.58
2026-04-16 05:00,82.52
2026-04-16 06:00,82.19
2026-04-16 07:00,81.86
2026-04-16 08:00,82.30
2026-04-16 09:00,82.30
2026-04-16 10:00,82.52
2026-04-16 11:00,82.72
2026-04-16 12:00,82.92
2026-04-16 13:00,82.79
2026-04-16 14:00,82.71
2026-04-16 15:00,82.32
2026-04-16 16:00,82.37
2026-04-16 17:00,82.79
2026-04-16 18:00,82.71
2026-04-16 19:00,82.32
2026-04-16 20:00,82.39
2026-04-16 21:00,82.54
2026-04-17 00:00,82.39
2026-04-17 01:00,81.91
2026-04-17 02:00,82.32
2026-04-17 04:00,81.92
2026-04-17 05:00,81.19
2026-04-17 06:00,81.53
2026-04-17 07:00,81.45
2026-04-17 08:00,78.57
2026-04-17 09:00,77.86
2026-04-17 10:00,77.26
2026-04-17 11:00,77.86
2026-04-17 12:00,77.73
2026-04-17 13:00,78.33
2026-04-17 14:00,78.73
2026-04-17 15:00,78.68
2026-04-17 16:00,78.45
2026-04-17 17:00,78.33
2026-04-17 18:00,78.73
2026-04-17 19:00,78.68
2026-04-17 20:00,78.45
2026-04-20 05:00,81.54
2026-04-20 07:00,81.10
2026-04-20 08:00,81.07
2026-04-20 09:00,80.42
2026-04-20 10:00,81.13
2026-04-20 11:00,81.35
2026-04-20 12:00,80.98
2026-04-20 13:00,80.77
2026-04-20 14:00,80.61
2026-04-20 15:00,80.54
2026-04-20 16:00,80.23
2026-04-20 17:00,80.77
2026-04-20 18:00,80.04
2026-04-20 19:00,80.54
2026-04-20 20:00,79.88
2026-04-20 21:00,80.48
2026-04-20 22:00,80.34
2026-04-20 23:00,80.42
2026-04-21 00:00,80.78
2026-04-21 01:00,80.48
2026-04-21 02:00,80.49
2026-04-21 03:00,80.77
2026-04-21 04:00,80.75
2026-04-21 05:00,81.02
2026-04-21 06:00,81.01
2026-04-21 07:00,80.91
2026-04-21 08:00,81.42
2026-04-21 09:00,81.29
2026-04-21 10:00,81.81
2026-04-21 11:00,82.03
2026-04-21 12:00,82.10
2026-04-21 13:00,81.70
2026-04-21 14:00,81.41
2026-04-21 15:00,82.74
2026-04-21 16:00,81.64
2026-04-21 17:00,81.70
2026-04-21 18:00,81.90
2026-04-21 19:00,82.11
2026-04-21 20:00,81.63
2026-04-21 22:00,81.53
2026-04-21 23:00,81.37
2026-04-22 00:00,81.60
2026-04-22 01:00,81.31
2026-04-22 02:00,81.53
2026-04-22 03:00,81.68
2026-04-22 04:00,81.60
2026-04-22 05:00,82.30
2026-04-22 06:00,82.24
2026-04-22 07:00,82.37
2026-04-22 08:00,82.53
2026-04-22 09:00,82.74
2026-04-22 10:00,83.15
2026-04-22 11:00,83.03
2026-04-22 12:00,83.33
2026-04-22 13:00,83.35
2026-04-22 14:00,83.23
2026-04-22 15:00,83.17
2026-04-22 16:00,83.14
2026-04-22 17:00,83.35
2026-04-22 18:00,83.23
2026-04-22 19:00,83.17
2026-04-22 20:00,82.83
2026-04-22 21:00,82.90
2026-04-22 22:00,83.65
2026-04-22 23:00,83.80
2026-04-23 00:00,82.83
2026-04-23 01:00,83.44
2026-04-23 02:00,83.64
2026-04-23 03:00,83.68
2026-04-23 04:00,84.38
2026-04-23 05:00,84.41
2026-04-23 06:00,83.78
2026-04-23 07:00,83.58
2026-04-23 08:00,83.74
2026-04-23 09:00,84.14
2026-04-23 10:00,84.00
2026-04-23 11:00,84.18
2026-04-23 12:00,84.05
2026-04-23 13:00,84.77
2026-04-23 14:00,85.22
2026-04-23 15:00,85.27
2026-04-23 16:00,85.50
2026-04-23 17:00,84.77
2026-04-23 18:00,85.22
2026-04-23 19:00,85.55
2026-04-23 20:00,85.58
2026-04-23 21:00,85.62
2026-04-23 22:00,85.43
2026-04-23 23:00,85.02
2026-04-24 00:00,84.93
2026-04-24 01:00,85.62
2026-04-24 02:00,85.27
2026-04-24 03:00,85.02
2026-04-24 04:00,86.05
2026-04-24 05:00,86.20
2026-04-24 06:00,85.58
2026-04-24 07:00,84.35
2026-04-24 08:00,85.24
2026-04-24 09:00,84.71
2026-04-24 10:00,84.70
2026-04-24 11:00,84.20
2026-04-24 12:00,84.55
2026-04-24 13:00,83.90
2026-04-24 14:00,84.57
2026-04-24 15:00,85.21
2026-04-24 16:00,84.81
2026-04-24 17:00,83.90
2026-04-24 18:00,84.57
2026-04-24 19:00,85.21
2026-04-24 20:00,84.81
2026-04-26 18:00,86.00
2026-04-26 19:00,86.14
2026-04-26 20:00,85.98
2026-04-26 21:00,86.16
2026-04-26 22:00,85.86
2026-04-26 23:00,85.62
2026-04-27 00:00,85.72
2026-04-27 01:00,86.06
2026-04-27 02:00,86.11
2026-04-27 03:00,86.48
2026-04-27 04:00,86.60
2026-04-27 05:00,86.42
2026-04-27 06:00,86.11
2026-04-27 07:00,85.65
2026-04-27 08:00,85.83
2026-04-27 09:00,85.98
2026-04-27 10:00,85.88
2026-04-27 11:00,85.93
2026-04-27 12:00,85.78
2026-04-27 13:00,86.27
2026-04-27 14:00,86.23
2026-04-27 15:00,85.93
2026-04-27 16:00,86.02
2026-04-27 17:00,86.27
2026-04-27 18:00,86.23
2026-04-27 20:00,86.35
2026-04-27 21:00,86.47
2026-04-27 22:00,86.61
2026-04-28 00:00,86.61
2026-04-28 01:00,86.85
2026-04-28 02:00,86.92
2026-04-28 03:00,87.90
2026-04-28 04:00,87.67
2026-04-28 05:00,87.81
2026-04-28 06:00,87.72
2026-04-28 07:00,87.90
2026-04-28 08:00,86.99
2026-04-28 09:00,86.70
2026-04-28 10:00,87.11
2026-04-28 11:00,86.64
2026-04-28 12:00,86.13
2026-04-28 13:00,86.40
2026-04-28 14:00,86.51
2026-04-28 15:00,86.43
2026-04-28 16:00,86.43
2026-04-28 17:00,86.40
2026-04-28 18:00,86.51
2026-04-28 19:00,86.43
2026-04-28 20:00,86.21
2026-04-28 21:00,86.88
2026-04-28 22:00,86.37
2026-04-28 23:00,86.48
2026-04-29 00:00,86.54
2026-04-29 01:00,86.88
2026-04-29 02:00,87.20
2026-04-29 03:00,87.39
2026-04-29 04:00,88.53
2026-04-29 05:00,88.14
2026-04-29 06:00,87.96
2026-04-29 07:00,87.80
2026-04-29 08:00,88.28
2026-04-29 09:00,88.38
2026-04-29 10:00,88.19
2026-04-29 11:00,88.20
2026-04-29 12:00,87.52
2026-04-29 13:00,87.00
2026-04-29 14:00,87.37
2026-04-29 15:00,87.62
2026-04-29 16:00,87.89
2026-04-29 17:00,87.00
2026-04-29 18:00,87.70
2026-04-29 19:00,87.60
2026-04-29 20:00,87.28
2026-04-29 22:00,87.74
2026-04-29 23:00,88.51
2026-04-30 00:00,89.09
2026-04-30 01:00,89.00
2026-04-30 02:00,88.60
2026-04-30 03:00,87.87
2026-04-30 04:00,88.08
2026-04-30 05:00,87.68
2026-04-30 06:00,87.49
2026-04-30 07:00,87.15
2026-04-30 08:00,87.21
2026-04-30 09:00,87.06
2026-04-30 10:00,87.76
2026-04-30 11:00,87.20
2026-04-30 12:00,87.63
2026-04-30 13:00,87.64
2026-04-30 14:00,87.91
2026-04-30 15:00,87.92
2026-04-30 16:00,88.27
2026-04-30 17:00,87.64
2026-04-30 18:00,88.66
2026-04-30 19:00,87.92
2026-04-30 20:00,89.00
2026-04-30 21:00,88.78
2026-04-30 22:00,89.07
2026-04-30 23:00,88.89
2026-05-01 00:00,88.42
2026-05-01 01:00,88.41
2026-05-01 02:00,88.75
2026-05-01 03:00,88.98
2026-05-01 04:00,88.99
2026-05-01 05:00,89.03
2026-05-01 06:00,88.77
2026-05-01 07:00,88.60
2026-05-01 08:00,88.82
2026-05-01 09:00,87.17
2026-05-01 10:00,86.99
2026-05-01 11:00,86.68
2026-05-01 12:00,87.38
2026-05-01 13:00,87.10
2026-05-01 14:00,87.61
2026-05-01 15:00,87.55
2026-05-01 16:00,87.60
2026-05-01 17:00,87.10
2026-05-01 18:00,87.61
2026-05-01 19:00,87.55
2026-05-01 20:00,87.60
2026-05-03 18:00,86.90
2026-05-03 20:00,87.44
2026-05-03 21:00,87.78
2026-05-03 22:00,87.96
2026-05-03 23:00,88.00
2026-05-04 00:00,87.76
2026-05-04 01:00,87.12
2026-05-04 02:00,87.58
2026-05-04 03:00,88.50
2026-05-04 04:00,89.00
2026-05-04 05:00,87.12
2026-05-04 06:00,89.20
2026-05-04 07:00,89.50
2026-05-04 08:00,89.11
2026-05-04 09:00,89.78
2026-05-04 10:00,90.20
2026-05-04 11:00,91.16
2026-05-04 12:00,91.76
2026-05-04 13:00,90.91
2026-05-04 14:00,91.96
2026-05-04 15:00,91.86
2026-05-04 16:00,91.52
2026-05-04 17:00,90.91
2026-05-04 18:00,91.96
2026-05-04 19:00,91.86
2026-05-04 20:00,91.45
2026-05-04 21:00,91.29
2026-05-05 00:00,91.45
2026-05-05 01:00,91.29
2026-05-05 02:00,91.93
2026-05-05 03:00,91.28
2026-05-05 04:00,91.34
2026-05-05 05:00,91.29
2026-05-05 06:00,90.93
2026-05-05 07:00,90.96
2026-05-05 08:00,90.45
2026-05-05 09:00,89.83
2026-05-05 10:00,90.29
2026-05-05 11:00,90.18
2026-05-05 12:00,90.43
2026-05-05 13:00,89.83
2026-05-05 14:00,90.48
2026-05-05 15:00,90.75
2026-05-05 16:00,90.95
2026-05-05 18:00,89.80
2026-05-05 19:00,89.50
2026-05-05 20:00,90.06
2026-05-05 21:00,89.55
2026-05-05 22:00,89.28
2026-05-05 23:00,89.50
2026-05-06 00:00,89.36
2026-05-06 01:00,89.50
2026-05-06 02:00,89.41
2026-05-06 03:00,88.88
2026-05-06 04:00,86.24
2026-05-06 05:00,84.76
2026-05-06 06:00,82.87
2026-05-06 07:00,84.40
2026-05-06 08:00,85.70
2026-05-06 09:00,85.64
2026-05-06 10:00,85.52
2026-05-06 11:00,85.37
2026-05-06 12:00,84.95
2026-05-06 13:00,85.63
2026-05-06 14:00,84.95
2026-05-06 15:00,85.06
2026-05-06 16:00,84.70
2026-05-06 17:00,85.63
2026-05-06 18:00,84.95
2026-05-06 19:00,84.95
2026-05-06 20:00,85.25
2026-05-06 21:00,84.93
2026-05-06 22:00,84.96
2026-05-06 23:00,85.21
2026-05-07 00:00,85.06
2026-05-07 01:00,85.02
2026-05-07 02:00,84.29
2026-05-07 03:00,84.02
2026-05-07 04:00,84.01
2026-05-07 05:00,84.19
2026-05-07 06:00,84.12
2026-05-07 07:00,83.31
2026-05-07 08:00,82.40
2026-05-07 09:00,83.05
2026-05-07 10:00,83.01
2026-05-07 11:00,84.31
2026-05-07 12:00,84.72
2026-05-07 13:00,85.12
2026-05-07 14:00,85.86
2026-05-07 15:00,86.10
2026-05-07 16:00,86.62
2026-05-07 17:00,85.12
2026-05-07 18:00,86.65
2026-05-07 19:00,86.10
2026-05-07 20:00,86.35
2026-05-07 21:00,85.90
2026-05-07 22:00,85.74
2026-05-08 00:00,86.11
2026-05-08 01:00,85.90
2026-05-08 02:00,85.50
2026-05-08 03:00,85.50
2026-05-08 04:00,85.31
2026-05-08 05:00,85.13
2026-05-08 06:00,85.50
2026-05-08 07:00,85.81
2026-05-08 08:00,85.83
2026-05-08 09:00,85.73
2026-05-08 10:00,86.66
2026-05-08 11:00,86.96
2026-05-08 12:00,86.82
2026-05-08 13:00,86.56
2026-05-08 14:00,87.29
2026-05-08 15:00,86.66
2026-05-08 16:00,87.28
2026-05-08 17:00,86.56
2026-05-08 18:00,87.29
2026-05-08 19:00,86.66
2026-05-08 20:00,87.28
2026-05-10 18:00,89.25
2026-05-10 19:00,89.76
2026-05-10 20:00,89.83
2026-05-10 21:00,89.17
2026-05-10 22:00,89.13
2026-05-10 23:00,89.76
2026-05-11 00:00,89.34
2026-05-11 01:00,89.14
2026-05-11 02:00,88.80
2026-05-11 03:00,89.15
2026-05-11 04:00,88.56
2026-05-11 05:00,88.41
2026-05-11 06:00,88.80
2026-05-11 07:00,88.56
2026-05-11 08:00,88.36
2026-05-11 09:00,87.87
2026-05-11 10:00,88.12
2026-05-11 11:00,88.97
2026-05-11 12:00,89.75
2026-05-11 13:00,89.17
2026-05-11 14:00,89.39
2026-05-11 15:00,89.39
2026-05-11 16:00,89.63
2026-05-11 17:00,89.17
2026-05-11 18:00,89.70
2026-05-11 19:00,89.39
2026-05-11 20:00,89.60
2026-05-11 21:00,89.82
2026-05-11 22:00,89.86
2026-05-11 23:00,89.82
2026-05-12 00:00,89.60
2026-05-12 01:00,89.87
2026-05-12 02:00,89.86
2026-05-12 03:00,90.48
2026-05-12 04:00,90.63
2026-05-12 05:00,90.84
2026-05-12 06:00,91.23
2026-05-12 07:00,91.28
2026-05-12 08:00,91.29
2026-05-12 09:00,91.57
2026-05-12 10:00,91.55
2026-05-12 11:00,91.14
2026-05-12 12:00,91.29
2026-05-12 13:00,91.19
2026-05-12 14:00,91.79
2026-05-12 15:00,91.59
2026-05-12 16:00,91.45
2026-05-12 17:00,91.19
2026-05-12 18:00,91.11
2026-05-12 19:00,91.59
2026-05-12 20:00,90.80
2026-05-12 21:00,91.17
2026-05-12 22:00,90.63
2026-05-12 23:00,90.68
2026-05-13 00:00,90.80
2026-05-13 01:00,90.41
2026-05-13 02:00,90.62
2026-05-13 03:00,90.73
2026-05-13 05:00,90.41
2026-05-13 06:00,90.62
2026-05-13 07:00,90.60
2026-05-13 08:00,90.62
2026-05-13 09:00,90.39
2026-05-13 10:00,90.79
2026-05-13 11:00,89.76
2026-05-13 12:00,89.69
2026-05-13 13:00,89.83
2026-05-13 14:00,89.52
2026-05-13 15:00,89.70
2026-05-13 16:00,89.50
2026-05-13 17:00,89.83
2026-05-13 18:00,89.52
2026-05-13 19:00,89.70
2026-05-13 20:00,89.50
2026-05-13 21:00,89.54
2026-05-13 23:00,89.65
2026-05-14 00:00,89.50
2026-05-14 01:00,89.96
2026-05-14 02:00,89.10
2026-05-14 03:00,89.28
2026-05-14 04:00,89.51
2026-05-14 05:00,89.20
2026-05-14 06:00,88.60
2026-05-14 07:00,88.12
2026-05-14 08:00,88.55
2026-05-14 09:00,88.98
2026-05-14 10:00,88.64
2026-05-14 11:00,88.53
2026-05-14 12:00,88.70
2026-05-14 13:00,89.29
2026-05-14 14:00,89.32
2026-05-14 15:00,89.48
2026-05-14 16:00,89.64
2026-05-14 17:00,89.29
2026-05-14 18:00,89.32
2026-05-14 19:00,89.48
2026-05-14 20:00,89.65
2026-05-14 21:00,89.73
2026-05-14 22:00,89.70
2026-05-15 00:00,89.81
2026-05-15 01:00,90.41
2026-05-15 02:00,90.01
2026-05-15 03:00,90.25
2026-05-15 04:00,90.77
2026-05-15 05:00,90.94
2026-05-15 06:00,90.30
2026-05-15 07:00,90.25
2026-05-15 08:00,90.68
2026-05-15 09:00,90.83
2026-05-15 10:00,90.70
2026-05-15 11:00,90.65
2026-05-15 12:00,90.89
2026-05-15 13:00,90.86
2026-05-15 14:00,90.86
2026-05-15 15:00,90.93
2026-05-15 16:00,90.98
2026-05-15 17:00,90.86
2026-05-15 18:00,90.86
2026-05-15 19:00,90.93
2026-05-15 20:00,90.98
2026-05-17 20:00,91.47
2026-05-17 21:00,91.80
2026-05-17 22:00,92.08
2026-05-17 23:00,92.08
2026-05-18 00:00,91.47
2026-05-18 01:00,91.81
2026-05-18 02:00,92.09
2026-05-18 03:00,91.32
2026-05-18 04:00,91.66
2026-05-18 05:00,91.52
2026-05-18 06:00,91.97
2026-05-18 07:00,91.35
2026-05-18 08:00,90.50
2026-05-18 09:00,90.63
2026-05-18 10:00,91.70
2026-05-18 11:00,91.35
2026-05-18 12:00,92.10
2026-05-18 13:00,92.00
2026-05-18 14:00,92.58
2026-05-18 15:00,90.90
2026-05-18 16:00,90.62
2026-05-18 17:00,92.00
2026-05-18 18:00,92.58
2026-05-18 19:00,90.90
2026-05-18 20:00,90.92
2026-05-18 21:00,91.25
2026-05-18 23:00,91.20
2026-05-19 00:00,90.92
2026-05-19 01:00,91.34
2026-05-19 02:00,91.14
2026-05-19 03:00,91.30
2026-05-19 04:00,91.45
2026-05-19 05:00,91.43
2026-05-19 06:00,91.88
2026-05-19 07:00,91.30
2026-05-19 08:00,91.86
2026-05-19 09:00,91.98
2026-05-19 10:00,91.60
2026-05-19 11:00,91.70
2026-05-19 12:00,91.58
2026-05-19 13:00,91.23
2026-05-19 14:00,91.38
2026-05-19 15:00,91.91
2026-05-19 16:00,91.86
2026-05-19 17:00,91.23
2026-05-19 18:00,91.81
2026-05-19 19:00,91.63
2026-05-19 20:00,91.86
2026-05-19 21:00,91.36
2026-05-19 22:00,91.77
2026-05-19 23:00,91.47
2026-05-20 01:00,91.36
2026-05-20 02:00,91.14
2026-05-20 03:00,91.01
2026-05-20 04:00,90.45
2026-05-20 05:00,90.49
2026-05-20 06:00,90.23
2026-05-20 07:00,90.96
2026-05-20 08:00,90.59
2026-05-20 09:00,90.90
2026-05-20 10:00,89.21
2026-05-20 11:00,88.33
2026-05-20 12:00,88.20
2026-05-20 13:00,88.12
2026-05-20 14:00,88.26
2026-05-20 15:00,88.27
2026-05-20 16:00,88.60
2026-05-20 17:00,88.12
2026-05-20 18:00,88.69
2026-05-20 19:00,88.70
2026-05-20 20:00,89.01
2026-05-20 21:00,88.50
2026-05-20 22:00,88.49
2026-05-20 23:00,88.70
2026-05-21 00:00,89.01
2026-05-21 01:00,88.99
2026-05-21 02:00,88.96
2026-05-21 04:00,88.56
2026-05-21 05:00,88.46
2026-05-21 06:00,90.01
2026-05-21 07:00,90.07
2026-05-21 08:00,90.09
2026-05-21 09:00,90.24
2026-05-21 10:00,90.56
2026-05-21 11:00,90.53
2026-05-21 12:00,90.15
2026-05-21 13:00,87.59
2026-05-21 14:00,89.03
2026-05-21 15:00,88.60
2026-05-21 16:00,88.65
2026-05-21 17:00,87.59
2026-05-21 18:00,89.03
2026-05-21 19:00,88.60
2026-05-21 20:00,88.64
2026-05-21 21:00,88.90
2026-05-21 22:00,88.25
2026-05-22 00:00,88.64
2026-05-22 01:00,88.48
2026-05-22 02:00,88.92
2026-05-22 03:00,89.33
2026-05-22 04:00,89.41
2026-05-22 05:00,89.70
2026-05-22 06:00,89.54
2026-05-22 07:00,89.07
2026-05-22 08:00,88.40
2026-05-22 09:00,89.12
2026-05-22 10:00,88.95
2026-05-22 11:00,88.46
2026-05-22 12:00,88.41
2026-05-22 13:00,87.40
2026-05-22 14:00,88.08
2026-05-22 15:00,88.00
2026-05-22 16:00,88.28
2026-05-22 17:00,87.40
2026-05-22 18:00,88.08
2026-05-22 19:00,88.00
2026-05-22 20:00,88.17
2026-05-26 00:00,85.67
2026-05-26 01:00,85.70
2026-05-26 02:00,85.59
2026-05-26 03:00,86.46
2026-05-26 04:00,87.00
2026-05-26 05:00,86.50
2026-05-26 06:00,86.30
2026-05-26 08:00,86.13
2026-05-26 09:00,87.05
2026-05-26 10:00,86.83
2026-05-26 11:00,86.89
2026-05-26 12:00,86.49
2026-05-26 13:00,86.70
2026-05-26 14:00,86.44
2026-05-26 15:00,86.48
2026-05-26 16:00,86.25
2026-05-26 18:00,86.51
2026-05-26 20:00,86.18
2026-05-26 21:00,85.91
2026-05-26 22:00,85.81
2026-05-26 23:00,85.26
2026-05-27 00:00,85.23
2026-05-27 01:00,85.40
2026-05-27 02:00,85.16
2026-05-27 03:00,84.88
2026-05-27 04:00,84.17
2026-05-27 05:00,84.22
2026-05-27 06:00,84.64
2026-05-27 08:00,83.99
2026-05-27 09:00,84.85
2026-05-27 10:00,85.39
2026-05-27 11:00,85.28
2026-05-27 12:00,84.66
2026-05-27 14:00,84.37
2026-05-27 15:00,84.90
2026-05-27 16:00,84.88
2026-05-27 19:00,85.41
2026-05-27 20:00,85.66
2026-05-27 21:00,85.24
2026-05-27 22:00,85.59
2026-05-27 23:00,86.30
2026-05-28 00:00,86.39
2026-05-28 01:00,86.05
2026-05-28 02:00,85.80
2026-05-28 03:00,86.13
2026-05-28 04:00,86.09
2026-05-28 05:00,85.44
2026-05-28 06:00,86.18
2026-05-28 07:00,86.19
2026-05-28 08:00,85.58
2026-05-28 09:00,85.86
2026-05-28 10:00,85.52
2026-05-28 11:00,86.07
2026-05-28 12:00,84.88
2026-05-28 13:00,85.23
2026-05-28 14:00,85.80
2026-05-28 15:00,85.79
2026-05-28 16:00,85.62
2026-05-28 18:00,85.38
2026-05-28 20:00,85.27
2026-05-28 21:00,84.89
2026-05-28 22:00,85.02
2026-05-28 23:00,85.18
2026-05-29 00:00,84.96
2026-05-29 01:00,85.19
2026-05-29 02:00,84.61
2026-05-29 03:00,85.60
2026-05-29 04:00,85.51
2026-05-29 05:00,84.42
2026-05-29 06:00,84.40
2026-05-29 07:00,84.61
2026-05-29 08:00,84.64
2026-05-29 09:00,84.68
2026-05-29 10:00,84.33
2026-05-29 11:00,84.22
2026-05-29 12:00,83.92
2026-05-29 13:00,83.94
2026-05-29 14:00,84.43
2026-05-29 15:00,84.62
2026-05-29 16:00,84.18
2026-05-31 19:00,85.27
2026-05-31 20:00,85.44
2026-05-31 21:00,85.85
2026-05-31 22:00,85.57
2026-05-31 23:00,85.65
2026-06-01 00:00,85.35
2026-06-01 02:00,85.82
2026-06-01 03:00,85.96
2026-06-01 04:00,86.09
2026-06-01 05:00,86.16
2026-06-01 06:00,86.10
2026-06-01 08:00,85.16
2026-06-01 09:00,87.48
2026-06-01 10:00,87.66
2026-06-01 11:00,87.23
2026-06-01 12:00,86.98
2026-06-01 13:00,86.04
2026-06-01 14:00,86.54
2026-06-01 15:00,86.40
2026-06-01 16:00,86.53
2026-06-01 19:00,86.33
2026-06-01 20:00,86.33
2026-06-01 21:00,85.99
2026-06-01 23:00,85.58
2026-06-02 00:00,85.63
2026-06-02 01:00,85.80
2026-06-02 02:00,85.83
2026-06-02 03:00,85.50
2026-06-02 04:00,85.20
2026-06-02 05:00,85.34
2026-06-02 06:00,85.55
2026-06-02 07:00,85.69
2026-06-02 08:00,86.10
2026-06-02 09:00,86.61
2026-06-02 10:00,86.92
2026-06-02 11:00,87.08
2026-06-02 12:00,87.14
2026-06-02 13:00,87.21
2026-06-02 14:00,87.30
2026-06-02 15:00,87.49
2026-06-02 16:00,87.24
2026-06-02 18:00,87.50
2026-06-02 19:00,88.16
2026-06-02 20:00,87.87
2026-06-02 21:00,88.09
2026-06-02 22:00,87.85
2026-06-02 23:00,87.84
2026-06-03 01:00,88.35
2026-06-03 02:00,88.46
2026-06-03 03:00,88.72
2026-06-03 04:00,88.90
2026-06-03 05:00,89.04
2026-06-03 06:00,88.67
2026-06-03 07:00,88.60
2026-06-03 08:00,88.55
2026-06-03 09:00,88.23
2026-06-03 10:00,88.49
2026-06-03 11:00,88.59
2026-06-03 12:00,88.42
2026-06-03 13:00,88.52
2026-06-03 14:00,88.46
2026-06-03 15:00,88.35
2026-06-03 16:00,88.30
2026-06-03 21:00,87.73
2026-06-03 22:00,87.48
2026-06-03 23:00,87.89
2026-06-04 04:00,87.97
2026-06-04 05:00,87.46
2026-06-04 06:00,87.58
2026-06-04 07:00,86.20
2026-06-04 08:00,86.17
2026-06-04 09:00,86.23
2026-06-04 10:00,86.18
2026-06-04 11:00,86.18
2026-06-04 12:00,86.16
2026-06-04 13:00,86.05
2026-06-04 14:00,86.54
2026-06-04 15:00,86.50
2026-06-04 21:00,86.72
2026-06-04 22:00,87.01
2026-06-05 01:00,86.70
2026-06-05 02:00,86.60
2026-06-05 03:00,86.19
2026-06-05 04:00,86.19
2026-06-05 05:00,86.03
2026-06-05 07:00,86.30
2026-06-05 08:00,86.12
2026-06-05 09:00,85.52
2026-06-05 10:00,85.52
2026-06-05 11:00,85.20
2026-06-05 12:00,84.97
2026-06-05 13:00,85.19
2026-06-05 14:00,85.36
2026-06-07 19:00,86.84
2026-06-07 20:00,86.83
2026-06-07 21:00,87.51
2026-06-07 22:00,87.84
2026-06-07 23:00,87.93
2026-06-08 00:00,88.40
2026-06-08 01:00,88.71
2026-06-08 02:00,88.70
2026-06-08 03:00,88.50
2026-06-08 04:00,88.65
2026-06-08 05:00,88.31
2026-06-08 06:00,87.90
2026-06-08 07:00,86.38
2026-06-08 08:00,86.87
2026-06-08 09:00,86.52
2026-06-08 10:00,86.96
2026-06-08 11:00,87.17
2026-06-08 12:00,87.27
2026-06-08 13:00,87.19
2026-06-08 14:00,86.98
2026-06-08 15:00,87.02
2026-06-08 16:00,87.05
2026-06-08 18:00,87.17
2026-06-08 20:00,87.16
2026-06-08 21:00,86.88
2026-06-08 22:00,86.50
2026-06-08 23:00,86.30
2026-06-09 01:00,86.32
2026-06-09 02:00,86.14
2026-06-09 03:00,86.25
2026-06-09 04:00,85.88
2026-06-09 05:00,85.68
2026-06-09 06:00,85.95
2026-06-09 07:00,85.99
2026-06-09 08:00,85.99
2026-06-09 09:00,85.13
2026-06-09 10:00,85.09
2026-06-09 11:00,84.57
2026-06-09 12:00,85.41
2026-06-09 13:00,85.77
2026-06-09 14:00,85.54
2026-06-09 15:00,85.68
2026-06-09 16:00,85.92
2026-06-09 18:00,86.30
2026-06-09 19:00,86.36
2026-06-09 20:00,86.50
2026-06-09 21:00,86.28
2026-06-09 22:00,86.07
2026-06-09 23:00,86.32
2026-06-10 01:00,85.51
2026-06-10 02:00,85.41
2026-06-10 03:00,85.68
2026-06-10 04:00,85.70
2026-06-10 05:00,85.24
2026-06-10 06:00,85.28
2026-06-10 07:00,86.66
2026-06-10 08:00,86.20
2026-06-10 09:00,86.84
2026-06-10 10:00,87.11
2026-06-10 11:00,87.44
2026-06-10 12:00,87.74
2026-06-10 13:00,87.69
2026-06-10 14:00,87.11
2026-06-10 15:00,87.12
2026-06-10 16:00,88.06
2026-06-10 18:00,88.46
2026-06-10 19:00,89.00
2026-06-10 20:00,88.34
2026-06-10 21:00,87.80
2026-06-10 22:00,87.68
2026-06-10 23:00,87.86
2026-06-11 00:00,87.37
2026-06-11 01:00,86.99
2026-06-11 02:00,86.92
2026-06-11 03:00,86.51
2026-06-11 04:00,86.10
2026-06-11 05:00,86.36
2026-06-11 06:00,86.07
2026-06-11 07:00,86.17
2026-06-11 08:00,87.13
2026-06-11 09:00,86.51
2026-06-11 10:00,86.83
2026-06-11 11:00,87.56
2026-06-11 12:00,87.76
2026-06-11 13:00,85.14
2026-06-11 14:00,85.70
2026-06-11 15:00,84.40
2026-06-11 16:00,84.35
2026-06-11 18:00,83.99
2026-06-11 19:00,84.00
2026-06-11 20:00,84.51
2026-06-11 21:00,84.48
2026-06-11 22:00,84.55
2026-06-11 23:00,84.45
2026-06-12 00:00,84.13
2026-06-12 01:00,83.97
2026-06-12 02:00,83.90
2026-06-12 03:00,83.02
2026-06-12 04:00,82.03
2026-06-12 05:00,81.94
2026-06-12 06:00,82.92
2026-06-12 07:00,82.95
2026-06-12 08:00,83.48
2026-06-12 09:00,84.55
2026-06-12 10:00,83.11
2026-06-12 11:00,82.55
2026-06-12 12:00,82.60
2026-06-12 13:00,82.60
2026-06-12 14:00,82.30
2026-06-12 15:00,82.44
2026-06-12 16:00,82.58
2026-06-14 18:00,80.21
2026-06-14 19:00,79.93
2026-06-14 20:00,80.00
2026-06-14 21:00,80.13
2026-06-14 22:00,79.50
2026-06-14 23:00,79.70
2026-06-15 00:00,79.72
2026-06-15 01:00,80.16
2026-06-15 02:00,79.91
2026-06-15 03:00,79.56
2026-06-15 04:00,79.60
2026-06-15 05:00,79.89
2026-06-15 06:00,79.99
2026-06-15 07:00,80.06
2026-06-15 08:00,79.89
2026-06-15 09:00,79.75
2026-06-15 10:00,79.62
2026-06-15 11:00,79.30
2026-06-15 12:00,79.35
2026-06-15 13:00,79.60
2026-06-15 14:00,79.81
2026-06-15 15:00,80.02
2026-06-15 16:00,80.00
2026-06-15 20:00,80.00
2026-06-15 21:00,79.77
2026-06-15 22:00,79.59
2026-06-15 23:00,79.54
2026-06-16 01:00,79.25
2026-06-16 02:00,79.62
2026-06-16 03:00,78.96
2026-06-16 04:00,78.08
2026-06-16 05:00,78.64
2026-06-16 06:00,78.27
2026-06-16 07:00,78.21
2026-06-16 08:00,77.66
2026-06-16 09:00,78.33
2026-06-16 10:00,77.83
2026-06-16 11:00,76.95
2026-06-16 12:00,76.77
2026-06-16 13:00,77.04
2026-06-16 14:00,77.25
2026-06-16 15:00,77.66
2026-06-16 16:00,77.36
2026-06-16 19:00,77.37
2026-06-16 20:00,77.51
2026-06-16 21:00,77.19
2026-06-16 22:00,77.27
2026-06-16 23:00,76.90
2026-06-17 00:00,76.97
2026-06-17 01:00,76.66
2026-06-17 02:00,77.04
2026-06-17 03:00,76.91
2026-06-17 04:00,77.44
2026-06-17 05:00,77.19
2026-06-17 06:00,77.40
2026-06-17 07:00,77.72
2026-06-17 08:00,77.57
2026-06-17 09:00,77.96
2026-06-17 10:00,78.06
2026-06-17 11:00,77.29
2026-06-17 12:00,77.12
2026-06-17 13:00,76.97
2026-06-17 14:00,77.08
2026-06-17 15:00,76.88
2026-06-17 16:00,76.72
2026-06-17 19:00,76.59
2026-06-17 20:00,76.70
2026-06-17 21:00,76.30
2026-06-17 22:00,76.54
2026-06-18 00:00,75.94
2026-06-18 01:00,75.85
2026-06-18 02:00,76.07
2026-06-18 03:00,76.09
2026-06-18 04:00,75.86
2026-06-18 05:00,75.87
2026-06-18 06:00,76.79
2026-06-18 07:00,76.56
2026-06-18 08:00,76.32
2026-06-18 09:00,75.32
2026-06-18 10:00,75.30
2026-06-18 11:00,75.70
2026-06-18 12:00,75.93
2026-06-18 13:00,76.17
2026-06-18 14:00,77.18
2026-06-18 15:00,77.18
2026-06-18 16:00,77.09
2026-06-18 20:00,76.74
2026-06-18 21:00,76.87
2026-06-18 22:00,77.12
2026-06-18 23:00,77.20
2026-06-21 18:00,77.89
2026-06-21 19:00,77.89
2026-06-21 20:00,77.89
2026-06-21 21:00,76.89
2026-06-21 22:00,77.89
2026-06-21 23:00,77.89
2026-06-22 00:00,76.79
2026-06-22 01:00,77.89
2026-06-22 02:00,76.76
2026-06-22 03:00,77.89
2026-06-22 04:00,77.89
2026-06-22 05:00,77.89
2026-06-22 06:00,77.89
2026-06-22 07:00,77.89
2026-06-22 08:00,76.31
2026-06-22 09:00,75.83
2026-06-22 10:00,76.04
2026-06-22 11:00,75.44
2026-06-22 12:00,77.89
2026-06-22 13:00,75.61
2026-06-22 14:00,75.91
2026-06-22 15:00,77.89
2026-06-22 16:00,77.89
2026-06-22 20:00,75.99
2026-06-22 21:00,75.88
2026-06-22 22:00,75.99
2026-06-23 01:00,75.31
2026-06-23 02:00,75.20
2026-06-23 03:00,75.25
2026-06-23 04:00,75.65
2026-06-23 05:00,75.45
2026-06-23 06:00,75.88
2026-06-23 07:00,75.82
2026-06-23 08:00,75.60
2026-06-23 09:00,75.32
2026-06-23 10:00,75.50
2026-06-23 11:00,75.21
2026-06-23 12:00,75.28
2026-06-23 13:00,75.49
2026-06-23 14:00,75.60
2026-06-23 15:00,75.61
2026-06-23 16:00,75.34
2026-06-23 21:00,74.96
2026-06-23 22:00,74.72
2026-06-23 23:00,74.77
2026-06-24 00:00,75.07
2026-06-24 01:00,75.05
2026-06-24 02:00,74.94
2026-06-24 03:00,74.68
2026-06-24 04:00,74.56
2026-06-24 05:00,74.54
2026-06-24 06:00,74.38
2026-06-24 07:00,73.89
2026-06-24 08:00,73.64
2026-06-24 09:00,72.85
2026-06-24 10:00,72.81
2026-06-24 11:00,73.18
2026-06-24 12:00,73.24
2026-06-24 13:00,73.11
2026-06-24 14:00,72.77
2026-06-24 15:00,72.82
2026-06-24 16:00,72.69
2026-06-24 20:00,72.93
2026-06-24 21:00,72.15
2026-06-24 22:00,72.35
2026-06-24 23:00,72.27
2026-06-25 00:00,72.27
2026-06-25 01:00,72.23
2026-06-25 02:00,72.27
2026-06-25 03:00,72.43
2026-06-25 04:00,72.06
2026-06-25 05:00,72.22
2026-06-25 06:00,72.26
2026-06-25 08:00,72.50
2026-06-25 09:00,73.06
2026-06-25 10:00,73.22
2026-06-25 11:00,73.90
2026-06-25 12:00,73.86
2026-06-25 13:00,74.04
2026-06-25 14:00,74.65
2026-06-25 15:00,74.45
2026-06-25 16:00,74.04
2026-06-25 19:00,74.07
2026-06-25 20:00,74.25
2026-06-25 21:00,73.91
2026-06-25 22:00,73.50
2026-06-25 23:00,73.30
2026-06-26 00:00,73.27
2026-06-26 01:00,73.58
2026-06-26 02:00,73.39
2026-06-26 03:00,72.59
2026-06-26 04:00,72.10
2026-06-26 05:00,72.16
2026-06-26 06:00,72.28
2026-06-26 07:00,72.80
2026-06-26 08:00,71.98
2026-06-26 09:00,71.96
2026-06-26 10:00,72.04
2026-06-26 11:00,71.93
2026-06-26 12:00,71.99
2026-06-26 13:00,72.08
2026-06-26 14:00,72.00
2026-06-26 15:00,72.24
2026-06-26 16:00,72.12
2026-06-28 18:00,72.90
2026-06-28 19:00,72.42
2026-06-28 20:00,72.65
2026-06-28 21:00,72.61
2026-06-28 22:00,72.50
2026-06-28 23:00,72.58
2026-06-29 01:00,72.22
2026-06-29 02:00,72.80
2026-06-29 03:00,72.43
2026-06-29 04:00,72.80
2026-06-29 05:00,73.18
2026-06-29 06:00,72.55
2026-06-29 07:00,72.54
2026-06-29 08:00,72.69
2026-06-29 09:00,72.88
2026-06-29 10:00,73.16
2026-06-29 11:00,73.22
2026-06-29 12:00,73.37
2026-06-29 13:00,73.42
2026-06-29 14:00,73.31
2026-06-29 15:00,73.10
2026-06-29 16:00,73.05
2026-06-29 20:00,72.98
2026-06-29 21:00,73.00
2026-06-29 22:00,73.30
2026-06-29 23:00,72.99
2026-06-30 01:00,72.93
2026-06-30 02:00,72.75
2026-06-30 03:00,72.98
2026-06-30 04:00,73.14
2026-06-30 05:00,73.50
2026-06-30 06:00,73.32
2026-06-30 07:00,73.71
2026-06-30 08:00,73.61
2026-06-30 09:00,73.66
2026-06-30 10:00,73.41
2026-06-30 11:00,72.96
2026-06-30 12:00,72.93
2026-06-30 13:00,72.94
2026-06-30 14:00,73.06
2026-06-30 15:00,73.18
2026-06-30 16:00,73.12
2026-06-30 20:00,73.20
2026-06-30 21:00,73.00
2026-06-30 22:00,73.03
2026-07-01 00:00,72.98
2026-07-01 01:00,72.98
2026-07-01 02:00,72.85
2026-07-01 03:00,72.70
2026-07-01 04:00,72.04
2026-07-01 05:00,72.31
2026-07-01 06:00,72.44
2026-07-01 07:00,72.46
2026-07-01 08:00,72.30
2026-07-01 09:00,72.58
2026-07-01 10:00,71.90
2026-07-01 11:00,71.73
2026-07-01 12:00,71.92
2026-07-01 13:00,71.93
2026-07-01 14:00,72.08
2026-07-01 15:00,71.80
2026-07-01 16:00,71.80
2026-07-01 18:00,71.75
2026-07-01 20:00,71.69
2026-07-01 21:00,71.44
2026-07-01 22:00,71.59
2026-07-01 23:00,71.40
2026-07-02 00:00,71.54
2026-07-02 01:00,71.58
2026-07-02 02:00,71.42
2026-07-02 03:00,71.57
2026-07-02 04:00,71.55
2026-07-02 05:00,71.33
2026-07-02 06:00,71.34
2026-07-02 07:00,71.22
2026-07-02 08:00,71.44
2026-07-02 09:00,71.56
2026-07-02 10:00,71.60
2026-07-02 11:00,71.42
2026-07-02 12:00,71.79
2026-07-02 13:00,72.03
2026-07-02 14:00,72.28
2026-07-02 15:00,72.25
2026-07-02 16:00,72.23
2026-07-02 20:00,72.23
2026-07-02 21:00,72.65
2026-07-02 22:00,72.65
2026-07-02 23:00,72.82
2026-07-05 21:00,72.44
2026-07-05 22:00,72.38
2026-07-05 23:00,72.38
2026-07-06 00:00,72.38
2026-07-06 01:00,72.38
2026-07-06 02:00,72.38
2026-07-06 03:00,72.38
2026-07-06 04:00,71.94
2026-07-06 05:00,71.92
2026-07-06 06:00,72.38
2026-07-06 07:00,72.24
2026-07-06 08:00,72.11
2026-07-06 09:00,72.41
2026-07-06 10:00,72.52
2026-07-06 11:00,72.39
2026-07-06 12:00,72.20
2026-07-06 13:00,72.38
2026-07-06 14:00,72.38
2026-07-06 15:00,72.38
2026-07-06 16:00,72.38
2026-07-06 20:00,72.69
2026-07-06 21:00,72.83
2026-07-06 22:00,72.81
2026-07-07 01:00,72.95
2026-07-07 02:00,73.10
2026-07-07 03:00,73.07
2026-07-07 04:00,73.01
2026-07-07 05:00,72.97
2026-07-07 06:00,72.99
2026-07-07 07:00,72.73
2026-07-07 08:00,72.62
2026-07-07 09:00,73.27
2026-07-07 10:00,73.60
2026-07-07 11:00,73.74
2026-07-07 12:00,73.81
2026-07-07 13:00,73.90
2026-07-07 14:00,74.65
2026-07-07 15:00,74.93
2026-07-07 16:00,75.10
2026-07-07 18:00,75.20
2026-07-07 19:00,75.22
2026-07-07 20:00,75.05
2026-07-07 21:00,75.07
2026-07-07 22:00,75.00
2026-07-07 23:00,75.22
2026-07-08 00:00,75.22
2026-07-08 01:00,75.46
2026-07-08 02:00,75.43
2026-07-08 03:00,75.01
2026-07-08 04:00,76.68
2026-07-08 05:00,76.61
2026-07-08 06:00,76.28
2026-07-08 07:00,76.24
2026-07-08 08:00,76.07
2026-07-08 09:00,76.17
2026-07-08 10:00,77.78
2026-07-08 11:00,78.09
2026-07-08 12:00,77.16
2026-07-08 13:00,76.67
2026-07-08 14:00,76.75
2026-07-08 15:00,77.09
2026-07-08 16:00,77.65
2026-07-08 19:00,77.28
2026-07-08 21:00,77.20
2026-07-08 22:00,77.34
2026-07-08 23:00,77.17
2026-07-09 00:00,77.25
2026-07-09 01:00,76.23
2026-07-09 02:00,76.32
2026-07-09 03:00,75.89
2026-07-09 04:00,75.90
2026-07-09 05:00,76.42
2026-07-09 06:00,77.17
2026-07-09 07:00,77.03
2026-07-09 08:00,76.93
2026-07-09 09:00,75.96
2026-07-09 10:00,75.65
2026-07-09 11:00,75.50
2026-07-09 12:00,75.22
2026-07-09 13:00,75.20
2026-07-09 14:00,75.24
2026-07-09 15:00,75.33
2026-07-09 16:00,75.33
2026-07-09 21:00,75.53
2026-07-09 22:00,75.58
2026-07-09 23:00,75.72
2026-07-10 00:00,75.65
2026-07-10 01:00,75.58
2026-07-10 02:00,75.46
2026-07-10 03:00,75.14
2026-07-10 04:00,75.47
2026-07-10 05:00,75.32
2026-07-10 06:00,75.59
2026-07-10 07:00,75.95
2026-07-10 08:00,75.46
2026-07-10 09:00,75.03
2026-07-10 10:00,75.42
2026-07-10 11:00,74.66
2026-07-10 12:00,74.98
2026-07-10 13:00,75.18
2026-07-10 14:00,75.54
2026-07-10 15:00,75.44
2026-07-10 16:00,75.50
2026-07-12 18:00,77.59
2026-07-12 19:00,77.24
2026-07-12 20:00,77.52
2026-07-12 21:00,77.90
2026-07-12 22:00,77.39
2026-07-12 23:00,77.59
2026-07-13 00:00,77.70
2026-07-13 01:00,78.10
2026-07-13 02:00,77.48
2026-07-13 03:00,77.45
2026-07-13 04:00,76.59
2026-07-13 05:00,76.67
2026-07-13 06:00,77.23
2026-07-13 07:00,77.39
2026-07-13 08:00,77.51
2026-07-13 09:00,77.28
2026-07-13 10:00,77.83
2026-07-13 11:00,78.17
2026-07-13 12:00,78.98
2026-07-13 13:00,80.44
2026-07-13 14:00,80.52
2026-07-13 15:00,80.65
2026-07-13 16:00,81.00
2026-07-13 18:00,81.08
2026-07-13 19:00,81.54
2026-07-13 20:00,82.02
2026-07-13 21:00,81.43
2026-07-13 22:00,81.35
2026-07-13 23:00,81.45
2026-07-14 00:00,81.36
2026-07-14 01:00,80.89
2026-07-14 02:00,81.34
2026-07-14 03:00,81.11
2026-07-14 04:00,81.83
2026-07-14 05:00,81.65
2026-07-14 06:00,81.57
2026-07-14 07:00,80.86
2026-07-14 08:00,81.30
2026-07-14 09:00,80.38
2026-07-14 10:00,80.17
2026-07-14 11:00,80.75
2026-07-14 12:00,80.54
2026-07-14 13:00,80.87
2026-07-14 14:00,80.99
2026-07-14 15:00,81.29
2026-07-14 16:00,81.40
